Glen Cove	Nassau	26,964	NA	NA	40.867222, -73.627778	3605929113	3629113
Long Beach	Nassau	33,275	NA	NA	40.588056, -73.688056	3605943335	3643335
Adams	Jefferson	5,143	42.270	0.153	43.844658, -76.054289	3604500210	00978655
Addison	Steuben	2,595	25.545	0.142	42.132164, -77.234422	3610100287	00978656
Afton	Chenango	2,851	45.836	0.679	42.226305, -75.526838	3601700353	00978657
Alabama	Genesee	1,869	42.370	0.406	43.090053, -78.366480	3603700474	00978658
Albion	Orleans	8,468	25.257	0.093	43.226343, -78.209387	3607301044	00978660
Albion	Oswego	2,073	47.286	0.532	43.489292, -76.030916	3607501055	00978661
Alden	Erie	10,865	34.308	0.201	42.907256, -78.520613	3602901099	00978662
Alexander	Genesee	2,534	35.467	0.096	42.920586, -78.250065	3603701165	00978663
Alexandria	Jefferson	4,061	72.657	11.900	44.319903, -75.878414	3604501176	00978664
Alfred	Allegany	5,237	31.476	0.149	42.233273, -77.795084	3600301209	00978665
Allegany	Cattaraugus	8,004	70.923	0.658	42.091286, -78.531856	3600901297	00978666
Allen	Allegany	448	36.377	0.203	42.397400, -78.004345	3600301319	00978668
Alma	Allegany	842	36.215	0.301	42.047668, -78.016224	3600301429	00978669
Almond	Allegany	1,633	45.717	0.067	42.340932, -77.781630	3600301451	00978670
Altona	Clinton	2,887	100.983	0.357	44.841730, -73.670487	3601901583	00978672
Amboy	Oswego	1,263	37.049	0.692	43.377133, -75.918438	3607501649	00978673
Amenia	Dutchess	4,436	43.220	0.396	41.829938, -73.534020	3602701693	00978674
Amherst	Erie	122,366	53.203	0.391	43.011639, -78.757148	3602902000	00978675
Amity	Allegany	2,308	34.442	0.123	42.226466, -78.003401	3600302011	00978676
Amsterdam	Montgomery	5,566	29.701	0.733	42.955568, -74.166076	3605702077	00978678
Ancram	Columbia	1,573	42.478	0.259	42.035959, -73.580146	3602102099	00978679
Andes	Delaware	1,301	108.592	3.694	42.128419, -74.787370	3602502132	00978680
Andover	Allegany	1,830	39.430	0.066	42.150717, -77.811105	3600302154	00978681
Angelica	Allegany	1,403	36.394	0.038	42.304028, -78.015503	3600302187	00978682
Annsville	Oneida	3,012	60.167	0.308	43.345241, -75.614699	3606502253	00978683
Antwerp	Jefferson	1,846	106.042	2.378	44.221394, -75.601758	3604502297	00978684
Arcade	Wyoming	4,205	47.004	0.106	42.571352, -78.369984	3612102418	00978685
Arcadia	Wayne	14,244	52.033	0.111	43.098080, -77.082687	3611702440	00978686
Argyle	Washington	3,782	56.536	1.260	43.232135, -73.478888	3611502561	00978687
Arietta	Hamilton	304	317.178	12.229	43.500184, -74.579588	3604102572	00978688
Arkwright	Chautauqua	1,061	35.670	0.060	42.386656, -79.242479	3601302605	00978689
Ashford	Cattaraugus	2,132	51.737	0.164	42.440413, -78.646301	3600902759	00978690
Ashland	Chemung	1,695	14.182	0.355	42.019488, -76.750371	3601502781	00978691
Ashland	Greene	784	25.958	0.000	42.321255, -74.336110	3603902803	00978692
Athens	Greene	4,089	26.246	2.622	42.276513, -73.859238	3603902913	00978693
Attica	Wyoming	7,702	35.712	0.315	42.820640, -78.245571	3612103012	00978694
Au Sable	Clinton	3,146	39.109	4.740	44.503615, -73.533466	3601903221	00978699
Augusta	Oneida	2,020	27.728	0.000	42.977116, -75.502294	3606503155	00978696
Aurelius	Cayuga	2,792	30.245	1.749	42.929159, -76.668447	3601103166	00978697
Aurora	Erie	13,782	36.393	0.046	42.738748, -78.638578	3602903199	00978698
Austerlitz	Columbia	1,654	48.722	0.092	42.315112, -73.518416	3602103287	00978700
Ava	Oneida	676	37.667	0.038	43.414296, -75.441248	3606503309	00978701
Avoca	Steuben	2,264	36.249	0.041	42.424318, -77.448755	3610103342	00978702
Avon	Livingston	7,164	41.203	0.055	42.897400, -77.727378	3605103364	00978703
Babylon	Suffolk	213,603	52.319	61.861	40.680656, -73.316175	3610304000	00978704
Bainbridge	Chenango	3,308	34.323	0.433	42.296565, -75.476683	3601704044	00978705
Baldwin	Chemung	832	25.716	0.020	42.101825, -76.657096	3601504132	00978706
Ballston	Saratoga	9,776	29.576	0.462	42.951295, -73.887168	3609104220	00978707
Bangor	Franklin	2,224	43.118	0.000	44.837505, -74.430139	3603304319	00978708
Barker	Broome	2,732	41.403	0.376	42.265005, -75.911308	3600704429	00978709
Barre	Orleans	2,025	55.040	0.011	43.179026, -78.211392	3607304572	00978710
Barrington	Yates	1,681	35.753	1.378	42.523012, -77.052976	3612304594	00978711
Barton	Tioga	8,858	59.275	0.414	42.079846, -76.499364	3610704671	00978712
Batavia	Genesee	6,809	48.187	0.218	42.996988, -78.227989	3603704726	00978714
Bath	Steuben	12,379	95.319	0.559	42.322420, -77.316574	3610104770	00978715
Bedford	Westchester	17,335	37.173	2.247	41.225704, -73.664943	3611905320	00978717
Beekman	Dutchess	14,621	29.838	0.517	41.602869, -73.698370	3602705452	00978718
Beekmantown	Clinton	5,545	60.425	9.202	44.788193, -73.502927	3601905485	00978719
Belfast	Allegany	1,663	36.295	0.249	42.298023, -78.135597	3600305573	00978720
Bellmont	Franklin	1,434	164.141	3.019	44.760907, -74.131480	3603305716	00978721
Bennington	Wyoming	3,359	55.049	0.215	42.817297, -78.387564	3612105936	00978722
Benson	Hamilton	192	82.617	0.580	43.290245, -74.366257	3604105958	00978723
Benton	Yates	2,836	41.473	2.964	42.721950, -77.049662	3612306002	00978724
Bergen	Genesee	3,120	27.559	0.036	43.096201, -77.955484	3603706057	00978725
Berkshire	Tioga	1,412	30.216	0.010	42.296636, -76.165659	3610706145	00978726
Berlin	Rensselaer	1,880	59.603	0.319	42.660802, -73.380018	3608306189	00978727
Berne	Albany	2,794	64.030	0.704	42.603917, -74.130358	3600106211	00978728
Bethany	Genesee	1,765	36.035	0.035	42.919587, -78.126802	3603706266	00978729
Bethel	Sullivan	4,255	85.265	4.693	41.689061, -74.853955	3610506310	00978730
Bethlehem	Albany	33,656	49.030	0.834	42.585940, -73.827782	3600106354	00978731
Big Flats	Chemung	7,731	44.484	0.581	42.138490, -76.913756	3601506475	00978732
Binghamton	Broome	4,942	25.251	0.088	42.035053, -75.905551	3600706618	00978734
Birdsall	Allegany	221	35.889	0.171	42.397379, -77.889195	3600306717	00978735
Black Brook	Clinton	1,497	129.974	4.361	44.524426, -73.817513	3601906761	00978736
Bleecker	Fulton	533	57.127	2.285	43.173404, -74.381782	3603506882	00978737
Blenheim	Schoharie	377	33.933	0.461	42.488372, -74.522581	3609506893	00978738
Blooming Grove	Orange	18,028	34.736	0.616	41.395660, -74.184287	3607107003	00978739
Bolivar	Allegany	2,189	35.863	0.010	42.034778, -78.136902	3600307201	00978740
Bolton	Warren	2,326	63.270	26.771	43.579414, -73.657631	3611307234	00978741
Bombay	Franklin	1,357	35.743	0.125	44.914578, -74.586536	3603307278	00978742
Boonville	Oneida	4,555	71.878	0.698	43.459155, -75.285070	3606507366	00978743
Boston	Erie	8,023	35.820	0.000	42.652830, -78.755463	3602907454	00978744
Bovina	Delaware	633	44.263	0.232	42.273814, -74.756993	3602507597	00978745
Boylston	Oswego	549	39.152	0.021	43.657921, -75.953469	3607507674	00978746
Bradford	Steuben	855	25.122	0.114	42.330742, -77.133893	3610107740	00978747
Brandon	Franklin	577	41.255	0.067	44.735417, -74.414747	3603307839	00978748
Brant	Erie	2,065	24.314	0.424	42.594817, -79.024700	3602907894	00978749
Brasher	St. Lawrence	2,512	91.103	0.967	44.888187, -74.723707	3608907938	00978750
Bridgewater	Oneida	1,522	23.845	0.012	42.904171, -75.265132	3606508180	00978751
Brighton	Franklin	1,435	77.896	5.100	44.469848, -74.247779	3603308213	00978752
Brighton	Monroe	36,609	15.416	0.168	43.118015, -77.582070	3605508246	00978753
Bristol	Ontario	2,315	36.694	0.015	42.808110, -77.425596	3606908378	00978754
Broadalbin	Fulton	5,260	31.722	8.059	43.076333, -74.152367	3603508433	00978755
Brookfield	Madison	2,545	77.822	0.196	42.807991, -75.343295	3605308587	00978757
Brookhaven	Suffolk	486,040	259.439	272.097	40.857448, -72.959840	3610310000	00978758
Broome	Schoharie	973	47.741	0.250	42.504012, -74.293643	3609510154	00978760
Brownville	Jefferson	6,263	59.132	7.320	44.026880, -76.083381	3604510242	00978761
Brunswick	Rensselaer	11,941	44.347	0.280	42.749998, -73.582839	3608310275	00978762
Brutus	Cayuga	4,464	22.106	0.394	43.045665, -76.545611	3601110297	00978763
Burke	Franklin	1,465	44.405	0.000	44.926169, -74.182069	3603311165	00978765
Burlington	Otsego	1,140	44.891	0.122	42.717320, -75.144624	3607711209	00978766
Burns	Allegany	1,180	27.220	0.036	42.435979, -77.781834	3600311253	00978767
Busti	Chautauqua	7,351	47.825	0.014	42.051324, -79.326276	3601311451	00978768
Butler	Wayne	2,064	37.090	0.079	43.177119, -76.765002	3611711473	00978769
Butternuts	Otsego	1,786	53.829	0.040	42.469617, -75.320901	3607711528	00978770
Byron	Genesee	2,369	32.212	0.079	43.084761, -78.066965	3603711572	00978771
Cairo	Greene	6,670	59.828	0.254	42.298811, -74.015664	3603911649	00978772
Caledonia	Livingston	4,255	43.875	0.251	42.952791, -77.820303	3605111715	00978773
Callicoon	Sullivan	3,057	48.591	0.355	41.835839, -74.924132	3610511759	00978774
Cambria	Niagara	5,839	39.710	0.000	43.176589, -78.820251	3606311803	00978775
Cambridge	Washington	2,021	36.357	0.127	43.007825, -73.446055	3611511836	00978776
Camden	Oneida	4,934	54.013	0.141	43.345094, -75.774347	3606511858	00978777
Cameron	Steuben	945	46.704	0.058	42.226656, -77.421703	3610111880	00978778
Camillus	Onondaga	24,167	34.424	0.017	43.066596, -76.313465	3606711913	00978779
Campbell	Steuben	3,406	40.685	0.094	42.230042, -77.166427	3610111946	00978780
Canaan	Columbia	1,710	36.676	0.280	42.407900, -73.461763	3602112056	00978781
Canadice	Ontario	1,664	29.851	2.585	42.718531, -77.558586	3606912100	00978782
Canajoharie	Montgomery	3,730	42.632	0.501	42.865366, -74.614882	3605712122	00978783
Canandaigua	Ontario	10,020	56.796	5.735	42.861633, -77.314188	3606912155	00978785
Candor	Tioga	5,305	94.510	0.110	42.230947, -76.332452	3610712221	00978786
Caneadea	Allegany	2,542	35.649	0.693	42.393776, -78.131108	3600312243	00978787
Canisteo	Steuben	3,391	54.351	0.009	42.237887, -77.535418	3610112265	00978788
Canton	St. Lawrence	10,995	104.765	1.098	44.574414, -75.210848	3608912342	00978789
Cape Vincent	Jefferson	2,777	56.353	33.499	44.114766, -76.290981	3604512364	00978790
Carlisle	Schoharie	1,948	34.124	0.128	42.740232, -74.436545	3609512452	00978791
Carlton	Orleans	2,994	43.607	0.801	43.339906, -78.208493	3607312496	00978792
Carmel	Putnam	34,305	35.907	4.786	41.387098, -73.722738	3607912529	00978793
Caroga	Fulton	1,205	50.627	3.651	43.124008, -74.525070	3603512573	00978794
Caroline	Tompkins	3,282	54.763	0.130	42.357575, -76.334979	3610912606	00978795
Carroll	Chautauqua	3,524	33.320	0.023	42.039848, -79.098719	3601312639	00978796
Carrollton	Cattaraugus	1,297	42.299	0.041	42.056363, -78.637943	3600912661	00978797
Castile	Wyoming	2,906	36.980	1.415	42.664387, -78.021835	3612112782	00978798
Catharine	Schuyler	1,762	32.295	0.605	42.337939, -76.733699	3609712914	00978799
Catlin	Chemung	2,618	37.989	0.027	42.231245, -76.895550	3601512947	00978800
Cato	Cayuga	2,537	33.643	2.544	43.120219, -76.536757	3601112969	00978801
Caton	Steuben	2,179	37.565	0.434	42.035747, -77.023787	3610112991	00978802
Catskill	Greene	11,775	60.439	3.726	42.208688, -73.938888	3603913013	00978803
Cayuta	Schuyler	556	20.319	0.000	42.271993, -76.684886	3609713112	00978805
Cazenovia	Madison	7,086	49.870	1.844	42.915928, -75.861962	3605313156	00978806
Centerville	Allegany	822	35.435	0.047	42.474965, -78.267693	3600313475	00978807
Champion	Jefferson	4,494	44.184	0.889	43.973154, -75.706123	3604513717	00978808
Champlain	Clinton	5,754	51.231	7.585	44.966280, -73.436895	3601913750	00978809
Charleston	Montgomery	1,373	41.890	0.973	42.824767, -74.355772	3605713816	00978810
Charlotte	Chautauqua	1,729	36.432	0.000	42.304888, -79.237368	3601313860	00978811
Charlton	Saratoga	4,133	32.774	0.188	42.957874, -73.991978	3609113926	00978812
Chateaugay	Franklin	2,155	49.789	0.012	44.930509, -74.076284	3603313992	00978813
Chatham	Columbia	4,128	53.227	0.316	42.425582, -73.582076	3602114014	00978814
Chautauqua	Chautauqua	4,464	67.099	0.094	42.241757, -79.506691	3601314069	00978815
Chazy	Clinton	4,284	54.153	7.163	44.856518, -73.460741	3601914113	00978816
Cheektowaga	Erie	88,226	29.423	0.063	42.910021, -78.741821	3602915011	00978817
Chemung	Chemung	2,563	49.479	0.562	42.055631, -76.605721	3601515077	00978818
Chenango	Broome	11,252	33.834	0.434	42.215645, -75.902254	3600715110	00978819
Cherry Creek	Chautauqua	1,118	36.632	0.013	42.302111, -79.122244	3601315198	00978820
Cherry Valley	Otsego	1,223	40.375	0.007	42.808922, -74.722042	3607715253	00978821
Chester	Orange	11,981	25.049	0.151	41.330239, -74.276925	3607115308	00978822
Chester	Warren	3,355	84.190	2.860	43.689036, -73.873783	3611315319	00978823
Chesterfield	Essex	2,445	79.036	26.336	44.453432, -73.448719	3603115330	00978824
Chili	Monroe	28,625	39.499	0.369	43.085609, -77.745242	3605515462	00978825
Cicero	Onondaga	31,632	48.274	0.191	43.172142, -76.056249	3606715704	00978826
Cincinnatus	Cortland	1,056	25.356	0.129	42.530670, -75.913769	3602315748	00978827
Clare	St. Lawrence	105	96.557	0.698	44.356596, -75.013141	3608915792	00978828
Clarence	Erie	30,673	53.503	0.132	43.024707, -78.645674	3602915825	00978829
Clarendon	Orleans	3,648	35.219	0.000	43.174402, -78.056338	3607315880	00978830
Clarkson	Monroe	6,736	33.183	0.005	43.245062, -77.932451	3605515957	00978831
Clarkstown	Rockland	84,187	38.475	8.593	41.134184, -73.965733	3608715968	00978832
Clarksville	Allegany	1,161	36.276	0.020	42.140145, -78.247654	3600315990	00978833
Claverack	Columbia	6,021	47.559	0.390	42.218852, -73.689931	3602116045	00978834
Clay	Onondaga	58,206	47.958	0.901	43.178698, -76.192114	3606716067	00978835
Clayton	Jefferson	5,153	82.360	21.671	44.204326, -76.079717	3604516100	00978836
Clermont	Columbia	1,965	17.996	1.197	42.085945, -73.854682	3602116177	00978837
Clifton	St. Lawrence	751	134.361	15.985	44.201398, -74.885750	3608916287	00978838
Clifton Park	Saratoga	36,705	48.202	2.004	42.858993, -73.822974	3609116353	00978839
Clinton	Clinton	737	67.070	0.030	44.937659, -73.920213	3601916397	00978840
Clinton	Dutchess	4,312	38.143	0.642	41.864288, -73.819584	3602716408	00978841
Clymer	Chautauqua	1,698	36.070	0.093	42.049004, -79.582437	3601316595	00978842
Cobleskill	Schoharie	6,625	30.599	0.179	42.687506, -74.442157	3609516639	00978843
Cochecton	Sullivan	1,372	36.241	0.790	41.680039, -74.994190	3610516661	00978844
Coeymans	Albany	7,418	50.129	3.038	42.491282, -73.875102	3600116694	00978845
Cohocton	Steuben	2,561	56.083	0.007	42.519967, -77.481566	3610116738	00978846
Colchester	Delaware	2,077	136.778	5.398	42.039868, -74.953334	3602516793	00978848
Colden	Erie	3,265	35.633	0.089	42.648107, -78.646394	3602916870	00978849
Coldspring	Cattaraugus	663	51.464	0.554	42.055681, -78.844478	3600916903	00978850
Colesville	Broome	5,232	78.347	0.824	42.179510, -75.650430	3600717046	00978851
Collins	Erie	6,601	47.966	0.174	42.491800, -78.868516	3602917200	00978852
Colonie	Albany	81,591	55.943	1.900	42.743332, -73.785600	3600117343	00978853
Colton	St. Lawrence	1,451	241.702	13.252	44.368068, -74.814597	3608917409	00978854
Columbia	Herkimer	1,580	35.073	0.030	42.929047, -75.046258	3604317431	00978855
Columbus	Chenango	975	37.368	0.124	42.691555, -75.369681	3601717486	00978856
Concord	Erie	8,494	69.934	0.160	42.545428, -78.702888	3602917585	00978857
Conesus	Livingston	2,473	32.891	2.980	42.703498, -77.641047	3605117618	00978858
Conesville	Schoharie	734	39.466	0.404	42.398075, -74.338293	3609517651	00978859
Conewango	Cattaraugus	1,857	36.114	0.022	42.225426, -79.006508	3600917684	00978860
Conklin	Broome	5,441	24.385	0.504	42.040720, -75.835038	3600717772	00978861
Conquest	Cayuga	1,819	35.222	1.096	43.117487, -76.656916	3601117849	00978862
Constable	Franklin	1,566	32.806	0.012	44.967307, -74.280786	3603317871	00978863
Constantia	Oswego	4,973	56.765	42.915	43.258840, -75.963734	3607517904	00978864
Copake	Columbia	3,615	40.762	1.280	42.129680, -73.549044	3602118102	00978865
Corinth	Saratoga	6,531	56.763	1.372	43.228513, -73.922216	3609118223	00978866
Corning	Steuben	6,270	36.850	0.503	42.149331, -77.014205	3610118267	00978868
Cornwall	Orange	12,646	26.653	1.479	41.414179, -74.061304	3607118300	00978869
Cortlandt	Westchester	41,592	39.255	10.761	41.261089, -73.902332	3611918410	00978871
Cortlandville	Cortland	8,509	49.720	0.180	42.603488, -76.117640	3602318421	00978872
Coventry	Chenango	1,655	48.697	0.167	42.291156, -75.629129	3601718619	00978873
Covert	Seneca	2,154	31.385	6.195	42.584405, -76.696609	3609918663	00978874
Covington	Wyoming	1,232	26.138	0.000	42.832671, -78.014813	3612118696	00978875
Coxsackie	Greene	8,918	36.865	1.548	42.345680, -73.863305	3603918729	00978876
Crawford	Orange	9,316	40.031	0.084	41.571349, -74.315687	3607118916	00978877
Croghan	Lewis	3,093	179.182	2.849	43.969084, -75.355598	3604919081	00978878
Crown Point	Essex	2,024	76.121	5.724	43.963848, -73.583301	3603119246	00978879
Cuba	Allegany	3,243	35.129	0.763	42.208385, -78.243639	3600319367	00978880
Cuyler	Cortland	980	43.477	0.032	42.726333, -75.936250	3602319499	00978881
Danby	Tompkins	3,329	53.553	0.222	42.332395, -76.472452	3610919620	00978882
Dannemora	Clinton	4,898	59.080	6.759	44.747379, -73.812971	3601919653	00978883
Dansville	Steuben	1,842	48.368	0.068	42.464632, -77.661656	3610119675	00978884
Danube	Herkimer	1,039	29.354	0.259	42.981082, -74.798257	3604319686	00978885
Darien	Genesee	3,158	47.371	0.219	42.908718, -78.382071	3603719719	00978886
Davenport	Delaware	2,965	51.563	0.350	42.454193, -74.902857	3602519763	00978887
Day	Saratoga	856	64.112	5.420	43.321068, -74.027621	3609119807	00978888
Dayton	Cattaraugus	1,886	35.527	0.618	42.376833, -78.995439	3600919840	00978889
De Kalb	St. Lawrence	2,434	82.523	0.684	44.475880, -75.365448	3608920038	00978893
De Peyster	St. Lawrence	998	42.927	2.169	44.535363, -75.458682	3608920335	00978898
DeRuyter	Madison	1,589	30.440	0.833	42.769678, -75.847084	3605320401	00978900
DeWitt (De Witt)	Onondaga	25,838	33.774	0.092	43.053891, -76.071795	3606720478	00978901
Decatur	Otsego	353	20.562	0.197	42.657096, -74.705713	3607719895	00978890
Deerfield	Oneida	4,273	32.941	0.107	43.185088, -75.151134	3606519928	00978891
Deerpark	Orange	7,901	66.502	1.452	41.442383, -74.656826	3607119961	00978892
Delaware	Sullivan	2,670	34.941	0.703	41.754935, -75.000363	3610520104	00978894
Delhi	Delaware	5,117	64.198	0.401	42.272354, -74.907546	3602520137	00978895
Denmark	Lewis	2,860	50.602	0.446	43.898222, -75.631239	3604920214	00978896
Denning	Ulster	551	105.666	0.099	41.955487, -74.482306	3611120247	00978897
Deposit	Delaware	1,712	43.015	1.564	42.095846, -75.369813	3602520357	00978899
Diana	Lewis	1,709	137.094	3.738	44.108159, -75.372574	3604920555	00978902
Dickinson	Broome	5,278	4.772	0.105	42.130568, -75.918054	3600720588	00978903
Dickinson	Franklin	823	44.224	0.089	44.728144, -74.539700	3603320610	00978904
Dix	Schuyler	3,864	36.258	0.454	42.334430, -76.899210	3609720676	00978905
Dover	Dutchess	8,699	55.190	1.149	41.679141, -73.568762	3602720819	00978906
Dresden	Washington	652	52.254	2.745	43.590870, -73.468547	3611520885	00978907
Dryden	Tompkins	14,435	93.640	0.690	42.478745, -76.362347	3610920962	00978908
Duane	Franklin	174	74.952	3.032	44.600715, -74.232730	3603320973	00978909
Duanesburg	Schenectady	6,122	70.782	1.250	42.777998, -74.172702	3609321006	00978910
Dunkirk	Chautauqua	1,318	6.228	0.054	42.469490, -79.320099	3601321116	00978912
Durham	Greene	2,725	49.314	0.041	42.373601, -74.153148	3603921204	00978913
Eagle	Wyoming	1,192	36.283	0.187	42.564549, -78.254056	3612121369	00978914
East Bloomfield	Ontario	3,634	33.195	0.139	42.899446, -77.422374	3606921699	00978915
East Fishkill	Dutchess	29,029	56.503	0.883	41.561643, -73.787605	3602721996	00978917
East Greenbush	Rensselaer	16,473	24.020	0.274	42.605098, -73.700320	3608322117	00978918
East Hampton	Suffolk	21,457	74.328	312.224	41.092293, -72.105673	3610322194	00978919
East Otto	Cattaraugus	1,062	40.070	0.326	42.408377, -78.743584	3600922678	00978921
East Rochester	Monroe	6,587	1.325	0.004	43.112210, -77.487176	3605522870	00978922
Eastchester	Westchester	32,363	4.853	0.088	40.953067, -73.813316	3611921820	00978916
Easton	Washington	2,336	62.304	0.934	43.029661, -73.535868	3611522656	00978920
Eaton	Madison	5,255	44.622	0.949	42.890200, -75.630077	3605323305	00978923
Eden	Erie	7,688	39.790	0.069	42.655012, -78.880010	3602923415	00978924
Edinburg	Saratoga	1,214	60.169	6.925	43.223115, -74.069902	3609123591	00978925
Edmeston	Otsego	1,826	44.297	0.084	42.722913, -75.260270	3607723613	00978926
Edwards	St. Lawrence	1,156	50.471	0.831	44.286726, -75.280789	3608923646	00978927
Elba	Genesee	2,370	35.649	0.043	43.093340, -78.171240	3603723756	00978928
Elbridge	Onondaga	5,922	37.539	0.756	43.052639, -76.437331	3606723800	00978929
Elizabethtown	Essex	1,163	81.633	1.477	44.191221, -73.650223	3603123833	00978930
Ellenburg	Clinton	1,743	106.567	0.890	44.811802, -73.864913	3601923921	00978931
Ellery	Chautauqua	4,528	47.454	0.117	42.189926, -79.353553	3601323976	00978932
Ellicott	Chautauqua	8,714	30.449	0.024	42.133033, -79.231506	3601323998	00978933
Ellicottville	Cattaraugus	1,598	45.095	0.093	42.307754, -78.643656	3600924031	00978934
Ellington	Chautauqua	1,643	36.545	0.014	42.220261, -79.120588	3601324053	00978935
Ellisburg	Jefferson	3,474	85.146	1.419	43.747325, -76.113151	3604524086	00978936
Elma	Erie	11,317	34.517	0.011	42.828313, -78.647604	3602924130	00978937
Elmira	Chemung	6,934	22.212	0.329	42.090471, -76.775621	3601524240	00978939
Enfield	Tompkins	3,512	36.732	0.104	42.441736, -76.620542	3610924548	00978940
Ephratah	Fulton	1,682	39.170	0.277	43.037432, -74.561468	3603524603	00978941
Erin	Chemung	1,962	44.247	0.221	42.184078, -76.671706	3601524636	00978942
Erwin	Steuben	8,037	38.656	0.501	42.134822, -77.152700	3610124647	00978943
Esopus	Ulster	9,041	37.312	4.628	41.833329, -73.985378	3611124691	00978944
Esperance	Schoharie	2,076	19.666	0.371	42.751864, -74.316177	3609524724	00978945
Essex	Essex	671	31.631	5.969	44.280005, -73.397080	3603124768	00978946
Evans	Erie	16,356	41.530	0.032	42.654716, -79.004985	3602924801	00978947
Exeter	Otsego	987	32.078	0.615	42.798940, -75.077522	3607724845	00978948
Fabius	Onondaga	1,964	46.497	0.275	42.819749, -75.985163	3606724878	00978949
Fairfield	Herkimer	1,627	41.296	0.162	43.131120, -74.937983	3604324933	00978950
Fallsburg	Sullivan	12,870	77.622	1.488	41.736992, -74.603756	3610525241	00978951
Farmersville	Cattaraugus	1,090	47.833	0.138	42.384220, -78.405914	3600925340	00978952
Farmington	Ontario	11,825	39.430	0.000	42.989455, -77.308679	3606925406	00978953
Fayette	Seneca	3,929	54.819	11.583	42.842874, -76.858550	3609925505	00978954
Fenner	Madison	1,726	31.074	0.048	42.974926, -75.773344	3605325593	00978955
Fenton	Broome	6,674	32.773	0.592	42.201492, -75.803310	3600725604	00978956
Fine	St. Lawrence	1,512	166.799	2.618	44.154272, -75.085765	3608925791	00978957
Fishkill	Dutchess	22,107	27.336	4.655	41.515512, -73.923762	3602725978	00978958
Fleming	Cayuga	2,636	21.819	2.480	42.874450, -76.577616	3601126231	00978959
Florence	Oneida	1,025	54.922	0.094	43.418917, -75.739740	3606526297	00978960
Florida	Montgomery	2,696	50.132	1.274	42.894991, -74.201025	3605726308	00978961
Floyd	Oneida	3,819	34.616	0.175	43.239952, -75.324083	3606526385	00978962
Forestburgh	Sullivan	819	54.781	1.532	41.561802, -74.709618	3610526528	00978963
Forestport	Oneida	1,535	76.915	1.985	43.496073, -75.147819	3606526627	00978964
Fort Ann	Washington	6,190	108.999	1.780	43.460929, -73.529859	3611526715	00978965
Fort Covington	Franklin	1,676	36.734	0.000	44.950102, -74.489629	3603326737	00978966
Fort Edward	Washington	6,371	26.630	0.796	43.230604, -73.559186	3611526781	00978967
Fowler	St. Lawrence	2,202	59.325	1.368	44.275595, -75.403237	3608927100	00978968
Frankfort	Herkimer	7,636	36.421	0.106	43.040732, -75.136940	3604327199	00978969
Franklin	Delaware	2,411	81.249	0.278	42.330395, -75.110553	3602527232	00978970
Franklin	Franklin	1,140	169.827	5.395	44.520107, -74.069770	3603327243	00978971
Franklinville	Cattaraugus	2,990	51.812	0.173	42.304423, -78.497988	3600927342	00978972
Freedom	Cattaraugus	2,405	40.987	0.329	42.471187, -78.377562	3600927441	00978973
Freetown	Cortland	757	25.486	0.142	42.520267, -76.023217	3602327496	00978974
Fremont	Steuben	1,008	32.036	0.154	42.394696, -77.610140	3610127551	00978975
Fremont	Sullivan	1,381	50.186	1.046	41.873711, -75.033526	3610527573	00978976
French Creek	Chautauqua	906	36.259	0.020	42.041719, -79.711489	3601327606	00978977
Friendship	Allegany	2,004	36.215	0.013	42.214944, -78.130551	3600327705	00978978
Fulton	Schoharie	1,442	64.978	0.027	42.589134, -74.451470	3609527826	00978980
Gaines	Orleans	3,378	34.419	0.040	43.275759, -78.198050	3607327958	00978981
Gainesville	Wyoming	2,182	35.570	0.138	42.650692, -78.125147	3612127980	00978982
Galen	Wayne	4,290	59.477	0.581	43.065096, -76.880324	3611728013	00978983
Gallatin	Columbia	1,668	39.111	0.521	42.060607, -73.713148	3602128068	00978984
Galway	Saratoga	3,545	43.824	1.180	43.032192, -74.032079	3609128112	00978985
Gardiner	Ulster	5,713	43.435	0.510	41.691551, -74.188198	3611128255	00978986
Gates	Monroe	28,400	15.200	0.082	43.150766, -77.713533	3605528442	00978987
Geddes	Onondaga	17,118	9.156	3.104	43.076667, -76.224544	3606728519	00978988
Genesee	Allegany	1,693	36.239	0.048	42.045172, -78.248301	3600328563	00978989
Genesee Falls	Wyoming	438	15.615	0.086	42.572554, -78.063441	3612128596	00978990
Geneseo	Livingston	10,483	43.944	1.198	42.806633, -77.779568	3605128629	00978991
Geneva	Ontario	3,291	19.091	0.007	42.833325, -77.005486	3606928651	00978993
Genoa	Cayuga	1,935	39.598	3.565	42.654397, -76.572265	3601128673	00978994
Georgetown	Madison	974	40.078	0.099	42.786643, -75.743698	3605328695	00978995
German	Chenango	370	28.408	0.031	42.503771, -75.824223	3601728739	00978996
German Flatts	Herkimer	13,258	33.695	0.499	42.987513, -74.983679	3604328750	00978997
Germantown	Columbia	1,954	12.103	1.819	42.136779, -73.870489	3602128772	00978998
Gerry	Chautauqua	1,905	36.125	0.018	42.218376, -79.240020	3601328838	00978999
Ghent	Columbia	5,402	45.132	0.268	42.314987, -73.649029	3602128871	00979000
Gilboa	Schoharie	1,307	57.800	1.576	42.431126, -74.454342	3609528981	00979001
Glen	Montgomery	2,507	38.620	0.706	42.900899, -74.351214	3605729047	00979002
Glenville	Schenectady	29,480	49.186	1.490	42.888252, -73.988700	3609329366	00979005
Gorham	Ontario	4,247	48.854	4.315	42.797135, -77.197164	3606929531	00979007
Goshen	Orange	13,687	43.642	0.290	41.381005, -74.352471	3607129553	00979008
Gouverneur	St. Lawrence	7,085	71.217	1.074	44.355092, -75.489810	3608929608	00979009
Grafton	Rensselaer	2,130	44.721	1.241	42.764501, -73.456397	3608329674	00979010
Granby	Oswego	6,821	44.713	1.730	43.289808, -76.441694	3607529729	00979011
Grand Island	Erie	20,374	28.273	5.020	43.017901, -78.962657	3602929828	00979012
Granger	Allegany	538	31.938	0.100	42.479746, -78.011050	3600329905	00979013
Granville	Washington	6,669	55.618	0.500	43.422001, -73.306019	3611530037	00979014
Great Valley	Cattaraugus	1,974	49.635	0.036	42.200337, -78.637510	3600930257	00979015
Greece	Monroe	96,095	47.518	3.875	43.250347, -77.700518	3605530290	00979016
Green Island	Albany	2,620	0.747	0.186	42.747870, -73.692595	3600130532	00979020
Greenburgh	Westchester	88,400	30.309	5.805	41.029573, -73.842741	3611930367	00979017
Greene	Chenango	5,604	75.077	0.542	42.308164, -75.753974	3601730422	00979018
Greenfield	Saratoga	7,775	67.388	0.299	43.137999, -73.872299	3609130444	00979019
Greenport	Columbia	4,165	18.607	1.880	42.230076, -73.795559	3602130565	00979021
Greenville	Greene	3,739	38.788	0.296	42.397012, -74.014683	3603930620	00979022
Greenville	Orange	4,616	30.015	0.484	41.373315, -74.599045	3607130631	00979023
Greenwich	Washington	4,942	43.663	0.598	43.147517, -73.475886	3611530686	00979024
Greenwood	Steuben	801	41.339	0.007	42.147107, -77.662020	3610130741	00979025
Greig	Lewis	1,199	93.011	1.354	43.697077, -75.194701	3604930796	00979026
Groton	Tompkins	5,950	49.406	0.133	42.583430, -76.359860	3610930972	00979027
Grove	Allegany	548	33.366	0.335	42.479522, -77.893852	3600330994	00979028
Groveland	Livingston	3,249	39.129	0.725	42.709642, -77.768727	3605131016	00979029
Guilderland	Albany	35,303	57.902	0.885	42.706657, -73.962280	3600131104	00979030
Guilford	Chenango	2,922	61.716	0.244	42.402046, -75.450687	3601731148	00979031
Hadley	Saratoga	2,048	39.705	1.380	43.337476, -73.905955	3609131269	00979032
Hague	Warren	699	63.760	15.859	43.690560, -73.549746	3611331335	00979033
Halcott	Greene	258	23.041	0.000	42.220267, -74.476398	3603931379	00979034
Halfmoon	Saratoga	21,535	32.580	1.050	42.860715, -73.730728	3609131489	00979035
Hamburg	Erie	56,936	41.321	0.028	42.739160, -78.857134	3602931654	00979036
Hamden	Delaware	1,323	59.930	0.269	42.201381, -74.981064	3602531698	00979037
Hamilton	Madison	6,690	41.339	0.116	42.792526, -75.489362	3605331720	00979038
Hamlin	Monroe	9,045	43.468	1.122	43.322306, -77.919742	3605531797	00979039
Hammond	St. Lawrence	1,191	62.197	15.709	44.438757, -75.726453	3608931841	00979040
Hampton	Washington	938	22.242	0.348	43.551067, -73.290832	3611531885	00979041
Hamptonburgh	Orange	5,561	26.758	0.211	41.449335, -74.244749	3607131907	00979042
Hancock	Delaware	3,224	158.822	2.994	41.956369, -75.182164	3602531951	00979043
Hannibal	Oswego	4,854	44.655	0.171	43.310917, -76.549843	3607532028	00979044
Hanover	Chautauqua	7,127	49.178	0.284	42.488023, -79.120703	3601332050	00979045
Hardenburgh	Ulster	238	80.787	0.235	42.049037, -74.621147	3611132116	00979046
Harford	Cortland	943	24.152	0.023	42.437149, -76.206229	3602332160	00979047
Harmony	Chautauqua	2,206	45.400	0.161	42.049553, -79.458099	3601332248	00979048
Harpersfield	Delaware	1,577	42.021	0.267	42.448423, -74.703743	3602532281	00979049
Harrietstown	Franklin	5,709	196.866	16.814	44.218046, -74.206563	3603332314	00979050
Harrisburg	Lewis	437	39.882	0.028	43.836648, -75.665737	3604932358	00979051
Harrison	Westchester	27,472	16.766	0.603	41.026444, -73.723707	3611932413	00979052
Hartford	Washington	2,269	43.384	0.105	43.355737, -73.413156	3611532457	00979053
Hartland	Niagara	4,117	52.378	0.037	43.258139, -78.554677	3606332490	00979054
Hartsville	Steuben	609	36.143	0.056	42.222372, -77.660191	3610132567	00979055
Hartwick	Otsego	2,110	40.082	0.342	42.643462, -75.016771	3607732589	00979056
Hastings	Oswego	9,450	45.645	0.352	43.320387, -76.156606	3607532688	00979057
Haverstraw	Rockland	36,634	22.155	5.260	41.202899, -74.039051	3608732765	00979058
Hebron	Washington	1,853	56.108	0.310	43.258464, -73.349096	3611533040	00979059
Hector	Schuyler	4,940	102.369	10.214	42.463533, -76.783953	3609733073	00979060
Hempstead	Nassau	759,757	118.587	73.000	40.633959, -73.609100	3605934000	00979061
Henderson	Jefferson	1,360	41.180	11.756	43.855211, -76.180197	3604534055	00979062
Henrietta	Monroe	42,581	35.351	0.296	43.054319, -77.640100	3605534099	00979063
Herkimer	Herkimer	10,175	31.662	0.566	43.061160, -75.000618	3604334132	00979064
Hermon	St. Lawrence	1,108	53.15	1.08	44.466944, -75.229167	3608934176	00979065
Highland	Sullivan	2,530	50.056	1.867	41.567366, -74.886519	3610534473	00979066
Highlands	Orange	12,492	30.410	3.060	41.369865, -74.005885	3607134550	00979067
Hillsdale	Columbia	1,927	47.724	0.164	42.229282, -73.521482	3602134748	00979068
Hinsdale	Cattaraugus	2,168	38.731	0.042	42.166750, -78.372348	3600934946	00979069
Holland	Erie	3,401	35.790	0.036	42.670462, -78.524234	3602935122	00979070
Homer	Cortland	6,405	50.195	0.461	42.662050, -76.170167	3602335287	00979071
Hoosick	Rensselaer	6,924	63.032	0.113	42.876802, -73.351525	3608335463	00979072
Hope	Hamilton	403	40.703	0.933	43.323352, -74.234765	3604135496	00979073
Hopewell	Ontario	3,747	35.676	0.020	42.893493, -77.195885	3606935551	00979074
Hopkinton	St. Lawrence	1,077	185.340	1.704	44.536665, -74.661131	3608935595	00979075
Horicon	Warren	1,389	65.767	6.100	43.718094, -73.706078	3611335639	00979076
Hornby	Steuben	1,706	40.850	0.038	42.239541, -77.026669	3610135661	00979077
Hornellsville	Steuben	4,151	43.325	0.216	42.334445, -77.677087	3610135683	00979079
Horseheads	Chemung	19,485	35.606	0.314	42.157711, -76.778875	3601535705	00979080
Hounsfield	Jefferson	3,466	48.915	71.488	43.908879, -76.307152	3604535782	00979081
Howard	Steuben	1,467	60.546	0.220	42.338600, -77.514480	3610135837	00979082
Hume	Allegany	2,071	37.890	0.431	42.482162, -78.121765	3600336112	00979084
Humphrey	Cattaraugus	687	37.136	0.017	42.231079, -78.497261	3600936123	00979085
Hunter	Greene	2,732	90.419	0.322	42.165514, -74.152362	3603936178	00979086
Huntington	Suffolk	203,264	94.123	42.988	40.884089, -73.376761	3610337000	00979087
Hurley	Ulster	6,314	29.911	6.056	41.958860, -74.122769	3611137143	00979088
Huron	Wayne	2,118	39.392	3.710	43.246559, -76.895091	3611737165	00979089
Hyde Park	Dutchess	21,571	36.663	3.195	41.813313, -73.895463	3602737209	00979090
Independence	Allegany	1,167	34.484	0.005	42.043602, -77.794465	3600337297	00979091
Indian Lake	Hamilton	1,352	251.800	14.439	43.806379, -74.417665	3604137374	00979092
Inlet	Hamilton	333	62.195	4.176	43.721790, -74.714836	3604137495	00979093
Ira	Cayuga	2,206	34.795	0.103	43.209261, -76.530923	3601137660	00979094
Irondequoit	Monroe	51,692	15.001	1.833	43.209811, -77.572056	3605537726	00979095
Ischua	Cattaraugus	859	32.377	0.021	42.237873, -78.384533	3600937825	00979096
Islip	Suffolk	335,543	104.114	58.891	40.712577, -73.195524	3610338000	00979097
Italy	Yates	1,141	40.140	0.122	42.618889, -77.312149	3612338044	00979098
Ithaca	Tompkins	19,930	28.946	1.340	42.413898, -76.540186	3610938088	00979100
Jackson	Washington	1,800	37.160	0.406	43.080457, -73.383276	3611538143	00979101
Jasper	Steuben	1,424	52.644	0.023	42.144268, -77.531889	3610138319	00979103
Java	Wyoming	2,057	47.128	0.202	42.651832, -78.386663	3612138341	00979104
Jay	Essex	2,506	67.688	0.421	44.377625, -73.696474	3603138396	00979105
Jefferson	Schoharie	1,410	43.251	0.163	42.489666, -74.607360	3609538440	00979106
Jerusalem	Yates	4,469	58.639	6.762	42.612928, -77.157943	3612338583	00979107
Jewett	Greene	953	50.323	0.199	42.237830, -74.231016	3603938638	00979108
Johnsburg	Warren	2,395	203.976	2.768	43.657786, -74.065037	3611338715	00979109
Johnstown	Fulton	7,098	70.214	1.082	43.044322, -74.398332	3603538792	00979111
Junius	Seneca	1,471	26.709	0.145	42.971850, -76.908841	3609938858	00979112
Keene	Essex	1,105	155.941	0.676	44.122758, -73.883516	3603139067	00979113
Kendall	Orleans	2,724	32.857	0.061	43.329114, -78.051662	3607339188	00979114
Kent	Putnam	13,507	40.504	2.822	41.459239, -73.725148	3607939331	00979740
Kiantone	Chautauqua	1,350	18.397	0.140	42.027070, -79.193096	3601339507	00979115
Kinderhook	Columbia	8,498	31.806	0.607	42.411289, -73.682656	3602139573	00979116
Kingsbury	Washington	12,671	39.678	0.327	43.335201, -73.551426	3611539650	00979117
Kingston	Ulster	889	7.702	0.048	41.978144, -74.038662	3611139738	00979119
Kirkland	Oneida	10,315	33.783	0.051	43.036731, -75.384504	3606539804	00979120
Kirkwood	Broome	5,857	30.795	0.397	42.091575, -75.799360	3600739837	00979121
Knox	Albany	2,692	41.762	0.174	42.685353, -74.105633	3600140002	00979122
Kortright	Delaware	1,675	62.451	0.182	42.402723, -74.781344	3602540068	00979123
LaFayette	Onondaga	4,952	39.233	0.413	42.907651, -76.103328	3606740266	00979125
LaGrange (La Grange)	Dutchess	15,730	39.879	0.470	41.684927, -73.795750	3602740299	00979126
Lake George	Warren	3,515	30.069	2.549	43.435002, -73.720924	3611340519	00979127
Lake Luzerne	Warren	3,347	52.519	1.540	43.345954, -73.789719	3611340662	00979128
Lake Pleasant	Hamilton	781	187.984	10.000	43.578905, -74.424033	3604140794	00979129
Lancaster	Erie	41,604	37.703	0.234	42.910914, -78.632214	3602941146	00979130
Lansing	Tompkins	11,033	60.490	9.452	42.566527, -76.531984	3610941234	00979131
Lapeer	Cortland	767	25.039	0.143	42.455992, -76.112211	3602341300	00979132
Laurens	Otsego	2,424	42.049	0.119	42.535705, -75.118079	3607741531	00979133
Lawrence	St. Lawrence	1,826	47.610	0.058	44.745606, -74.676345	3608941564	00979134
Le Ray	Jefferson	21,782	73.643	0.361	44.078729, -75.795815	3604542015	00979141
Le Roy	Genesee	7,641	42.084	0.090	42.992655, -77.966199	3603742037	00979142
Lebanon	Madison	1,332	43.344	0.336	42.780128, -75.626215	3605341674	00979135
Ledyard	Cayuga	1,886	36.112	12.469	42.745344, -76.674047	3601141740	00979136
Lee	Oneida	6,486	45.106	0.447	43.325161, -75.518579	3606541762	00979137
Leicester	Livingston	2,200	33.929	0.004	42.760288, -77.904502	3605141883	00979138
Lenox	Madison	9,122	36.243	0.023	43.111571, -75.756992	3605341905	00979139
Leon	Cattaraugus	1,365	36.182	0.027	42.300481, -79.001361	3600941982	00979140
Lewis	Essex	1,382	84.790	0.210	44.318369, -73.581246	3603142114	00979143
Lewis	Lewis	854	64.607	0.542	43.490911, -75.558906	3604942125	00979144
Lewisboro	Westchester	12,411	27.746	1.416	41.266160, -73.588251	3611942136	00979145
Lewiston	Niagara	16,262	37.121	4.010	43.184149, -78.951416	3606342158	00979146
Lexington	Greene	805	79.686	0.037	42.209047, -74.333452	3603942202	00979147
Leyden	Lewis	1,785	33.330	0.222	43.534488, -75.382362	3604942213	00979148
Liberty	Sullivan	9,885	79.579	1.158	41.811822, -74.779789	3610542235	00979149
Lima	Livingston	4,305	31.891	0.053	42.895889, -77.608672	3605142334	00979150
Lincklaen	Chenango	396	26.263	0.011	42.677344, -75.843763	3601742411	00979151
Lincoln	Madison	2,012	24.999	0.059	43.032236, -75.733805	3605342422	00979152
Lindley	Steuben	1,967	37.597	0.271	42.037857, -77.148523	3610142576	00979153
Lisbon	St. Lawrence	4,102	108.280	5.636	44.696518, -75.305716	3608942631	00979154
Lisle	Broome	2,751	46.894	0.090	42.379304, -76.055997	3600742653	00979155
Litchfield	Herkimer	1,513	29.992	0.061	42.967722, -75.163817	3604342664	00979156
Little Falls	Herkimer	1,587	22.340	0.163	43.018379, -74.894737	3604342752	00979158
Little Valley	Cattaraugus	1,740	29.787	0.006	42.224471, -78.759228	3600942840	00979159
Livingston	Columbia	3,646	38.163	0.784	42.138944, -73.797118	3602142917	00979160
Livonia	Livingston	7,809	38.262	2.812	42.809081, -77.653652	3605142961	00979161
Lloyd	Ulster	10,863	31.266	2.019	41.713907, -73.995071	3611142994	00979162
Locke	Cayuga	1,951	24.305	0.105	42.654563, -76.419295	3601143071	00979163
Lockport	Niagara	20,529	44.843	0.052	43.149249, -78.688845	3606343093	00979165
Lodi	Seneca	1,550	34.190	5.574	42.591920, -76.831428	3609943225	00979166
Long Lake	Hamilton	711	407.033	42.804	43.959554, -74.649161	3604143412	00979168
Lorraine	Jefferson	1,037	38.979	0.018	43.746703, -75.978134	3604543544	00979169
Louisville	St. Lawrence	3,145	48.525	15.342	44.907722, -75.012207	3608943588	00979170
Lowville	Lewis	4,982	37.834	0.291	43.813957, -75.518200	3604943731	00979171
Lumberland	Sullivan	2,468	46.539	2.807	41.492424, -74.812220	3610543786	00979172
Lyme	Jefferson	2,185	55.813	51.178	44.024801, -76.228673	3604543863	00979173
Lyndon	Cattaraugus	707	33.231	0.036	42.310646, -78.375278	3600943896	00979174
Lyons	Wayne	5,682	37.485	0.111	43.093076, -77.003860	3611743973	00979175
Lyonsdale	Lewis	1,227	68.743	1.362	43.589518, -75.242417	3604943995	00979176
Lysander	Onondaga	21,759	61.715	2.894	43.184174, -76.373925	3606744039	00979177
Macedon	Wayne	9,148	38.681	0.177	43.078887, -77.310520	3611744160	00979179
Machias	Cattaraugus	2,375	40.429	0.649	42.397788, -78.506904	3600944237	00979180
Macomb	St. Lawrence	906	60.717	2.428	44.438707, -75.571306	3608944391	00979181
Madison	Madison	3,008	40.813	0.576	42.892391, -75.500514	3605344435	00979182
Madrid	St. Lawrence	1,735	52.984	0.598	44.770755, -75.128545	3608944490	00979183
Maine	Broome	5,377	45.643	0.117	42.196117, -76.016638	3600744611	00979184
Malone	Franklin	14,545	101.519	1.283	44.795395, -74.287115	3603344721	00979185
Malta	Saratoga	14,765	27.922	3.532	42.982275, -73.789043	3609144743	00979186
Mamakating	Sullivan	12,085	96.108	2.561	41.588001, -74.496288	3610544809	00979187
Mamaroneck	Westchester	29,156	6.654	7.410	40.921287, -73.744138	3611944842	00979188
Manchester	Ontario	9,395	37.818	0.032	42.987045, -77.194148	3606944864	00979189
Manheim	Herkimer	3,334	29.136	0.557	43.058519, -74.799676	3604344974	00979191
Manlius	Onondaga	32,370	49.218	0.735	43.052883, -75.980733	3606745029	00979192
Mansfield	Cattaraugus	808	40.126	0.031	42.304609, -78.766918	3600945161	00979193
Marathon	Cortland	1,967	24.937	0.133	42.428479, -76.002973	3602345403	00979194
Marbletown	Ulster	5,607	54.471	0.709	41.873887, -74.164153	3611145458	00979195
Marcellus	Onondaga	6,210	32.445	0.140	42.942677, -76.323323	3606745491	00979196
Marcy	Oneida	8,982	32.890	0.428	43.172612, -75.267738	3606545535	00979197
Marilla	Erie	5,327	27.505	0.038	42.824491, -78.528331	3602945601	00979198
Marion	Wayne	4,746	29.147	0.103	43.166014, -77.191350	3611745645	00979199
Marlborough	Ulster	8,808	24.470	2.029	41.636294, -73.987100	3611145722	00979200
Marshall	Oneida	2,131	32.802	0.000	42.967126, -75.386204	3606545755	00979201
Martinsburg	Lewis	1,433	75.684	0.351	43.726107, -75.540138	3604945854	00979202
Maryland	Otsego	1,897	52.406	0.135	42.550963, -74.865957	3607745920	00979203
Masonville	Delaware	1,320	54.264	0.179	42.229093, -75.342442	3602545964	00979204
Massena	St. Lawrence	12,883	44.369	11.774	44.962020, -74.834650	3608946030	00979205
Mayfield	Fulton	6,495	58.385	6.299	43.124810, -74.262935	3603546217	00979206
McDonough	Chenango	886	39.038	0.593	42.501710, -75.728039	3601744127	00979178
Mendon	Monroe	9,152	39.472	0.515	42.982472, -77.555620	3605546558	00979208
Mentz	Cayuga	2,378	16.922	0.260	43.040542, -76.633638	3601146602	00979209
Meredith	Delaware	1,529	58.102	0.214	42.365138, -74.938997	3602546624	00979210
Mexico	Oswego	5,197	46.272	0.717	43.455062, -76.204628	3607546822	00979211
Middleburgh	Schoharie	3,746	49.111	0.098	42.621269, -74.312498	3609546855	00979212
Middlebury	Wyoming	1,441	35.643	0.025	42.824030, -78.133264	3612146877	00979213
Middlefield	Otsego	2,114	63.334	0.371	42.697002, -74.855985	3607746910	00979214
Middlesex	Yates	1,495	30.875	3.229	42.718043, -77.289257	3612347020	00979215
Middletown	Delaware	3,750	96.674	0.620	42.160406, -74.628090	3602547031	00979216
Milan	Dutchess	2,370	36.109	0.468	41.978094, -73.783015	3602747207	00979218
Milford	Otsego	3,044	46.117	1.030	42.546091, -74.979126	3607747240	00979219
Milo	Yates	7,006	38.434	5.901	42.610474, -77.007902	3612347504	00979220
Milton	Saratoga	18,575	35.690	0.064	43.045801, -73.898137	3609147537	00979221
Mina	Chautauqua	1,106	35.817	0.511	42.124592, -79.699979	3601347592	00979222
Minden	Montgomery	4,297	50.988	0.449	42.931443, -74.696500	3605747614	00979223
Minerva	Essex	809	156.766	3.508	43.855335, -74.118459	3603147669	00979224
Minetto	Oswego	1,659	5.762	0.279	43.398731, -76.481313	3607547691	00979225
Minisink	Orange	4,490	23.029	0.144	41.324048, -74.541192	3607147713	00979226
Mohawk	Montgomery	3,844	34.681	0.712	42.956072, -74.401834	3605747834	00979227
Moira	Franklin	2,934	45.228	0.000	44.829578, -74.558807	3603347933	00979228
Monroe	Orange	39,912	19.976	1.280	41.304162, -74.195149	3607147999	00979229
Montague	Lewis	78	65.174	0.163	43.715389, -75.716896	3604948032	00979230
Montezuma	Cayuga	1,277	18.242	0.473	43.013839, -76.697713	3601148131	00979231
Montgomery	Orange	22,606	50.256	0.933	41.539832, -74.209619	3607148153	00979232
Montour	Schuyler	2,308	18.579	0.005	42.339941, -76.826462	3609748186	00979233
Mooers	Clinton	3,592	87.632	0.290	44.956357, -73.658432	3601948252	00979234
Moravia	Cayuga	3,626	28.884	0.753	42.734243, -76.412216	3601148307	00979235
Moreau	Saratoga	14,728	41.924	1.657	43.247423, -73.665699	3609148318	00979236
Morehouse	Hamilton	86	191.064	3.705	43.447326, -74.694618	3604148340	00979237
Moriah	Essex	4,798	64.491	6.619	44.054967, -73.532619	3603148428	00979238
Morris	Otsego	1,878	39.067	0.126	42.542840, -75.264076	3607748494	00979239
Morristown	St. Lawrence	1,974	45.721	13.724	44.530931, -75.634507	3608948582	00979240
Mount Hope	Orange	7,018	25.134	0.362	41.457255, -74.526761	3607148857	00979241
Mount Kisco	Westchester	10,877	3.035	0.030	41.201696, -73.728258	3611948895	00979242
Mount Morris	Livingston	4,465	50.205	0.106	42.664871, -77.904533	3605148956	00979243
Mount Pleasant	Westchester	43,724	27.423	5.335	41.098212, -73.822328	3611949011	00979244
Murray	Orleans	4,988	31.059	0.040	43.258470, -78.057139	3607349286	00979246
Nanticoke	Broome	1,672	24.270	0.089	42.284937, -76.026586	3600749396	00979247
Naples	Ontario	2,502	39.685	0.000	42.624554, -77.432501	3606949440	00979248
Napoli	Cattaraugus	1,248	36.375	0.170	42.212802, -78.884569	3600949462	00979249
Nassau	Rensselaer	4,789	44.444	0.792	42.547941, -73.544568	3608349517	00979250
Nelson	Madison	1,980	43.060	0.996	42.885733, -75.745149	3605349770	00979251
Neversink	Sullivan	3,557	82.773	3.491	41.865968, -74.590457	3610549847	00979252
New Albion	Cattaraugus	1,972	35.629	0.194	42.306800, -78.889687	3600949880	00979253
New Baltimore	Greene	3,370	41.427	1.601	42.420048, -73.862587	3603949935	00979255
New Berlin	Chenango	2,682	46.134	0.440	42.592026, -75.386612	3601749957	00979256
New Bremen	Lewis	2,706	55.589	0.200	43.851984, -75.368301	3604950001	00979257
New Castle	Westchester	17,569	23.236	0.383	41.182534, -73.772847	3611950078	00979260
New Hartford	Oneida	22,166	25.357	0.118	43.057841, -75.281803	3606550309	00979264
New Haven	Oswego	2,856	31.099	2.315	43.471604, -76.317562	3607550342	00979265
New Hudson	Allegany	781	36.195	0.124	42.285310, -78.253007	3600350375	00979266
New Lebanon	Columbia	2,305	35.857	0.116	42.470550, -73.444812	3602150452	00979267
New Lisbon	Otsego	1,114	44.355	0.301	42.624535, -75.133503	3607750485	00979268
New Paltz	Ulster	14,003	33.875	0.432	41.764040, -74.089495	3611150562	00979269
New Scotland	Albany	8,648	57.499	0.470	42.603490, -73.939215	3600150672	00979272
New Windsor	Orange	25,244	34.070	2.994	41.474548, -74.110922	3607150848	00979274
Newark Valley	Tioga	3,946	50.295	0.100	42.234926, -76.164054	3610749913	00979254
Newburgh	Orange	29,801	42.678	4.265	41.557401, -74.057242	3607150045	00979259
Newcomb	Essex	436	226.271	6.898	44.007172, -74.099920	3603150144	00979261
Newfane	Niagara	9,666	51.823	1.657	43.290183, -78.692824	3606350232	00979262
Newfield	Tompkins	5,179	58.841	0.127	42.337140, -76.610245	3610950254	00979263
Newport	Herkimer	2,302	32.009	0.443	43.178280, -75.035993	3604350584	00979270
Newstead	Erie	8,594	50.759	0.286	43.016832, -78.521355	3602950716	00979273
Niagara	Niagara	8,378	9.484	0.000	43.115446, -78.980980	3606351033	00979275
Nichols	Tioga	2,525	33.727	0.938	42.034436, -76.348183	3610751121	00979277
Niles	Cayuga	1,194	38.975	4.376	42.817220, -76.404435	3601151198	00979278
Niskayuna	Schenectady	21,781	14.152	0.890	42.803082, -73.873518	3609351264	00979279
Norfolk	St. Lawrence	4,668	56.740	1.004	44.835018, -74.933952	3608951330	00979280
North Castle	Westchester	11,841	23.757	2.604	41.136327, -73.690502	3611951693	00979282
North Collins	Erie	3,523	42.854	0.173	42.573346, -78.859472	3602951803	00979283
North Dansville	Livingston	5,538	9.859	0.000	42.558340, -77.691505	3605151869	00979284
North East	Dutchess	3,031	43.163	0.559	41.945843, -73.546630	3602751891	00979285
North Elba	Essex	8,957	151.654	4.737	44.206113, -74.046280	3603151935	00979286
North Greenbush	Rensselaer	12,075	18.545	0.363	42.673448, -73.668381	3608352100	00979287
North Harmony	Chautauqua	2,267	42.133	0.023	42.125557, -79.463345	3601352155	00979288
North Hempstead	Nassau	226,322	53.512	15.598	40.803357, -73.678402	3605953000	00979289
North Hudson	Essex	240	181.452	3.218	44.027010, -73.758053	3603153077	00979290
North Norwich	Chenango	1,783	28.142	0.102	42.590088, -75.508076	3601753297	00979291
North Salem	Westchester	5,104	21.326	1.519	41.340527, -73.597609	3611953517	00979292
Northampton	Fulton	2,670	21.116	13.613	43.157631, -74.171313	3603551407	00979281
Northumberland	Saratoga	5,087	32.299	0.619	43.162315, -73.628333	3609153737	00979294
Norway	Herkimer	762	35.560	0.273	43.230908, -74.950873	3604353968	00979295
Norwich	Chenango	3,998	41.963	0.075	42.510875, -75.485910	3601753990	00979297
Nunda	Livingston	3,064	37.094	0.027	42.572208, -77.882896	3605154089	00979298
Oakfield	Genesee	3,250	23.309	0.624	43.084919, -78.274609	3603754166	00979299
Ogden	Monroe	19,856	36.476	0.257	43.170256, -77.814379	3605554474	00979300
Ohio	Herkimer	1,002	301.344	6.227	43.461635, -74.894694	3604354507	00979302
Olean	Cattaraugus	1,963	29.609	0.127	42.061319, -78.424466	3600954727	00979306
Olive	Ulster	4,419	58.450	6.743	41.947232, -74.265447	3611154749	00979307
Oneonta	Otsego	5,229	32.911	0.252	42.425124, -75.099877	3607754892	00979310
Onondaga	Onondaga	23,101	57.741	0.096	42.980793, -76.223386	3606754958	00979311
Ontario	Wayne	10,136	32.412	0.086	43.245527, -77.315958	3611755013	00979313
Oppenheim	Fulton	1,924	56.134	0.306	43.082177, -74.671976	3603555101	00979314
Orange	Schuyler	1,609	54.069	0.385	42.342520, -77.035679	3609755156	00979315
Orangetown	Rockland	49,212	24.098	7.268	41.053687, -73.948090	3608755211	00979316
Orangeville	Wyoming	1,355	35.560	0.082	42.743585, -78.252437	3612155222	00979317
Orchard Park	Erie	29,054	38.440	0.079	42.752803, -78.739697	3602955277	00979318
Orleans	Jefferson	2,789	71.423	6.620	44.224057, -75.954704	3604555398	00979319
Orwell	Oswego	1,167	39.582	1.684	43.562832, -75.953544	3607555453	00979320
Osceola	Lewis	229	87.007	0.089	43.565418, -75.688833	3604955497	00979321
Ossian	Livingston	789	39.635	0.028	42.514478, -77.770393	3605155508	00979322
Ossining	Westchester	37,674	11.556	4.168	41.157624, -73.855497	3611955541	00979323
Oswegatchie	St. Lawrence	4,397	65.498	5.705	44.630179, -75.490706	3608955563	00979324
Oswego	Oswego	7,984	27.333	2.016	43.402443, -76.555037	3607555585	00979326
Otego	Otsego	3,115	45.633	0.076	42.455996, -75.191937	3607755629	00979327
Otisco	Onondaga	2,541	29.532	1.629	42.862345, -76.227534	3606755651	00979328
Otsego	Otsego	3,900	53.890	5.162	42.759357, -74.963246	3607755695	00979329
Otselic	Chenango	1,054	37.977	0.067	42.682876, -75.737515	3601755717	00979330
Otto	Cattaraugus	808	32.730	0.117	42.399472, -78.843783	3600955783	00979331
Ovid	Seneca	2,311	30.861	7.893	42.650033, -76.796042	3609955827	00979332
Owasco	Cayuga	3,793	20.881	2.594	42.893765, -76.493283	3601155871	00979333
Owego	Tioga	19,883	104.221	1.522	42.085789, -76.195197	3610755893	00979334
Oxford	Chenango	3,901	60.063	0.352	42.397073, -75.596228	3601755959	00979335
Oyster Bay	Nassau	293,214	103.747	65.652	40.797850, -73.511027	3605956000	00979336
Palatine	Montgomery	3,240	41.072	0.629	42.951214, -74.536743	3605756099	00979337
Palermo	Oswego	3,664	40.464	0.279	43.367354, -76.259496	3607556154	00979338
Palm Tree	Orange	24,155	1.11	0.01	41.3406673, -74.1672741	3607156185	02791540
Palmyra	Wayne	7,975	33.435	0.234	43.080171, -77.189141	3611756198	00979339
Pamelia	Jefferson	3,160	33.840	1.369	44.055634, -75.909304	3604556209	00979340
Paris	Oneida	4,411	31.476	0.015	42.972126, -75.268197	3606556330	00979341
Parish	Oswego	2,558	41.725	0.225	43.403463, -76.056042	3607556352	00979342
Parishville	St. Lawrence	2,153	98.159	3.270	44.550545, -74.784882	3608956374	00979343
Parma	Monroe	15,633	42.023	0.960	43.268626, -77.799747	3605556561	00979344
Patterson	Putnam	12,023	32.208	0.696	41.484467, -73.588058	3607956748	00979345
Pavilion	Genesee	2,495	35.612	0.108	42.907121, -78.011511	3603756792	00979346
Pawling	Dutchess	8,463	43.835	1.187	41.568545, -73.596037	3602756825	00979347
Pelham	Westchester	12,396	2.172	0.046	40.900458, -73.807138	3611957012	00979349
Pembroke	Genesee	4,292	41.627	0.090	43.001529, -78.385383	3603757078	00979350
Pendleton	Niagara	6,397	27.086	0.270	43.104129, -78.764378	3606357111	00979351
Penfield	Monroe	36,242	37.211	0.634	43.151464, -77.444396	3605557144	00979352
Perinton	Monroe	46,462	34.186	0.360	43.078241, -77.429678	3605557221	00979353
Perry	Wyoming	4,616	36.405	0.242	42.753724, -78.011059	3612157254	00979354
Perrysburg	Cattaraugus	1,626	28.421	0.126	42.481182, -79.017384	3600957298	00979355
Persia	Cattaraugus	2,404	20.893	0.097	42.419658, -78.917725	3600957331	00979356
Perth	Fulton	3,646	26.083	0.027	43.005407, -74.204069	3603557353	00979357
Peru	Clinton	6,998	78.887	13.492	44.581071, -73.563663	3601957375	00979358
Petersburgh	Rensselaer	1,525	41.605	0.003	42.778625, -73.327429	3608357441	00979359
Pharsalia	Chenango	593	38.816	0.292	42.597620, -75.733879	3601757507	00979360
Phelps	Ontario	7,072	64.951	0.293	42.957092, -77.049404	3606957529	00979361
Philadelphia	Jefferson	1,947	37.593	0.021	44.146432, -75.706199	3604557562	00979362
Philipstown	Putnam	9,662	48.785	2.785	41.412373, -73.921362	3607957584	00979363
Piercefield	St. Lawrence	310	104.155	6.910	44.223107, -74.604155	3608957716	00979364
Pierrepont	St. Lawrence	2,589	60.252	0.468	44.528153, -75.013342	3608957771	00979365
Pike	Wyoming	1,114	31.084	0.145	42.567205, -78.136330	3612157826	00979366
Pinckney	Lewis	329	40.973	0.142	43.834407, -75.788975	3604957925	00979367
Pine Plains	Dutchess	2,473	30.583	0.589	41.971895, -73.646798	3602758156	00979368
Pitcairn	St. Lawrence	846	58.518	0.937	44.221791, -75.269674	3608958266	00979369
Pitcher	Chenango	803	28.465	0.014	42.587692, -75.826755	3601758288	00979370
Pittsfield	Otsego	1,366	37.986	0.116	42.613708, -75.271482	3607758343	00979371
Pittsford	Monroe	29,405	23.181	0.209	43.073053, -77.526122	3605558365	00979372
Pittstown	Rensselaer	5,735	61.628	3.216	42.866298, -73.516623	3608358398	00979373
Plainfield	Otsego	915	29.500	0.000	42.828409, -75.194691	3607758420	00979374
Plattekill	Ulster	10,499	35.111	0.628	41.654309, -74.074168	3611158552	00979375
Plattsburgh	Clinton	11,870	45.920	22.288	44.692289, -73.516453	3601958585	00979377
Pleasant Valley	Dutchess	9,672	32.576	0.564	41.770553, -73.804513	3602758695	00979378
Plymouth	Chenango	1,804	42.177	0.169	42.605218, -75.604990	3601758772	00979379
Poestenkill	Rensselaer	4,530	32.355	0.220	42.700200, -73.522487	3608358805	00979380
Poland	Chautauqua	2,356	36.617	0.266	42.130072, -79.120853	3601358926	00979381
Pomfret	Chautauqua	14,965	43.855	0.334	42.408411, -79.331104	3601358981	00979382
Pompey	Onondaga	7,080	66.378	0.097	42.920118, -75.987654	3606759036	00979383
Portage	Livingston	884	26.399	0.236	42.559566, -77.994897	3605159179	00979385
Porter	Niagara	6,771	33.055	4.659	43.257885, -78.970237	3606359267	00979386
Portland	Chautauqua	4,827	34.116	0.064	42.370198, -79.460235	3601359421	00979388
Portville	Cattaraugus	3,730	35.580	0.448	42.058997, -78.349923	3600959509	00979389
Potsdam	St. Lawrence	16,041	101.403	2.049	44.681716, -75.037123	3608959575	00979390
Potter	Yates	1,865	37.238	0.000	42.714053, -77.180665	3612359597	00979391
Poughkeepsie	Dutchess	43,341	28.514	2.630	41.668590, -73.909694	3602759652	00979393
Pound Ridge	Westchester	5,104	22.638	0.803	41.212382, -73.583842	3611959685	00979394
Prattsburgh	Steuben	2,085	51.666	0.050	42.536924, -77.332353	3610159718	00979395
Prattsville	Greene	700	19.627	0.106	42.319673, -74.413796	3603959751	00979396
Preble	Cortland	1,393	26.845	0.715	42.743388, -76.131743	3602359773	00979397
Preston	Chenango	1,044	34.876	0.171	42.503326, -75.610357	3601759817	00979398
Princetown	Schenectady	2,115	23.924	0.287	42.810065, -74.078398	3609359861	00979399
Providence	Saratoga	1,995	43.996	1.098	43.117124, -74.044548	3609159949	00979400
Pulteney	Steuben	1,285	33.137	3.317	42.525381, -77.202981	3610159982	00979401
Putnam	Washington	609	32.791	2.627	43.746887, -73.417527	3611560092	00979402
Putnam Valley	Putnam	11,809	41.175	1.605	41.397661, -73.839130	3607960147	00979403
Queensbury	Warren	27,901	62.830	2.009	43.367580, -73.674127	3611360356	00979405
Ramapo	Rockland	126,595	61.198	0.696	41.140772, -74.104976	3608760510	00979406
Randolph	Cattaraugus	2,602	36.064	0.223	42.134227, -78.999392	3600960587	00979407
Rathbone	Steuben	1,126	36.017	0.102	42.129144, -77.344420	3610160653	00979408
Reading	Schuyler	1,707	27.149	0.000	42.419776, -76.938604	3609760763	00979409
Red Hook	Dutchess	11,319	36.169	3.871	42.017297, -73.887226	3602760905	00979411
Red House	Cattaraugus	38	55.668	0.188	42.069945, -78.735256	3600960950	00979412
Redfield	Oswego	550	89.817	3.606	43.587290, -75.828862	3607560873	00979410
Remsen	Oneida	1,929	35.465	1.490	43.366186, -75.145858	3606561126	00979413
Rensselaerville	Albany	1,843	61.464	0.420	42.479477, -74.178608	3600161181	00979415
Rhinebeck	Dutchess	7,548	35.682	4.068	41.926515, -73.901901	3602761357	00979416
Richfield	Otsego	2,388	30.858	1.598	42.851319, -75.047690	3607761467	00979417
Richford	Tioga	1,172	38.187	0.019	42.374929, -76.194015	3610761511	00979418
Richland	Oswego	5,718	57.248	2.801	43.547529, -76.150737	3607561533	00979419
Richmond	Ontario	3,361	42.432	1.960	42.792188, -77.524422	3606961544	00978648
Richmondville	Schoharie	2,610	30.160	0.065	42.638725, -74.549064	3609561599	00979421
Ridgeway	Orleans	6,780	50.026	0.216	43.262390, -78.376743	3607361742	00979422
Riga	Monroe	5,590	34.962	0.266	43.077283, -77.872558	3605561808	00979423
Ripley	Chautauqua	2,415	48.763	0.104	42.228753, -79.699933	3601361885	00979424
Riverhead	Suffolk	33,506	67.426	133.841	40.977130, -72.709075	3610361984	00979425
Rochester	Ulster	7,313	89.303	0.416	41.813814, -74.271498	3611163011	00979427
Rockland	Sullivan	3,775	94.156	1.114	41.962793, -74.789085	3610563176	00979428
Rodman	Jefferson	1,176	42.227	0.053	43.843311, -75.901890	3604563341	00979429
Romulus	Seneca	4,316	37.792	13.591	42.713496, -76.830175	3609963440	00979431
Root	Montgomery	1,715	50.624	0.426	42.842974, -74.486200	3605763561	00979432
Rose	Wayne	2,369	33.896	0.006	43.159574, -76.900163	3611763605	00979433
Roseboom	Otsego	711	33.407	0.104	42.726358, -74.711108	3607763638	00979434
Rosendale	Ulster	6,075	19.979	0.767	41.847090, -74.079545	3611163737	00979435
Rossie	St. Lawrence	877	37.880	1.363	44.325191, -75.623823	3608963858	00979436
Rotterdam	Schenectady	29,094	35.692	0.768	42.812110, -74.012038	3609363935	00979437
Roxbury	Delaware	2,502	87.114	0.490	42.308761, -74.528839	3602564001	00979438
Royalton	Niagara	7,660	69.966	0.311	43.151820, -78.554307	3606364034	00979439
Rush	Monroe	3,478	30.332	0.373	42.971329, -77.673143	3605564144	00979440
Rushford	Allegany	1,150	35.294	0.790	42.393073, -78.250648	3600364166	00979441
Russell	St. Lawrence	1,856	96.675	0.618	44.402017, -75.140740	3608964221	00979442
Russia	Herkimer	2,587	56.962	3.456	43.304033, -75.069132	3604364254	00979443
Rutland	Jefferson	3,060	45.103	0.275	43.943967, -75.786233	3604564265	00979444
Rye	Westchester	45,928	6.919	0.435	41.005831, -73.687696	3611964320	00979446
Salamanca	Cattaraugus	481	18.391	0.001	42.174412, -78.805947	3600964760	00979451
Salem	Washington	2,715	52.362	0.058	43.160157, -73.322777	3611564782	00979452
Salina	Onondaga	33,710	13.750	1.311	43.104764, -76.171345	3606764815	00979453
Salisbury	Herkimer	1,958	107.366	0.835	43.221999, -74.800865	3604364837	00979454
Sand Lake	Rensselaer	8,530	35.049	1.120	42.630352, -73.542926	3608365013	00979455
Sandy Creek	Oswego	3,939	42.284	4.157	43.630705, -76.123570	3607565079	00979456
Sanford	Broome	2,407	90.098	0.924	42.091134, -75.496193	3600765112	00979457
Sangerfield	Oneida	2,561	30.802	0.179	42.891607, -75.380220	3606565134	00979458
Santa Clara	Franklin	345	174.417	17.292	44.499084, -74.363864	3603365178	00979459
Saranac	Clinton	4,007	115.286	0.661	44.654271, -73.809920	3601965211	00979460
Saratoga	Saratoga	5,674	40.562	2.339	43.053058, -73.650366	3609165244	00979461
Sardinia	Erie	2,775	50.175	0.233	42.557155, -78.531553	3602965277	00979463
Saugerties	Ulster	19,482	64.574	3.386	42.091943, -73.990006	3611165299	00979464
Savannah	Wayne	1,730	35.968	0.211	43.079337, -76.754525	3611765343	00979465
Scarsdale	Westchester	17,166	6.660	0.008	40.992048, -73.780629	3611965442	00979466
Schaghticoke	Rensselaer	7,679	49.747	2.114	42.883991, -73.610736	3608365486	00979467
Schodack	Rensselaer	12,794	61.927	1.676	42.531451, -73.683163	3608365541	00979469
Schoharie	Schoharie	3,205	29.830	0.129	42.679620, -74.312894	3609565596	00979470
Schroeppel	Oswego	8,501	42.201	0.996	43.257590, -76.276426	3607565618	00979471
Schroon	Essex	1,654	132.678	8.732	43.855433, -73.761629	3603165629	00979472
Schuyler	Herkimer	3,420	39.874	0.358	43.112509, -75.096412	3604365695	00979473
Schuyler Falls	Clinton	5,181	36.517	0.302	44.659745, -73.584421	3601965717	00979474
Scio	Allegany	1,833	35.295	0.039	42.147968, -77.992253	3600365772	00979475
Scipio	Cayuga	1,713	36.558	2.751	42.790136, -76.571551	3601165816	00979476
Scott	Cortland	1,176	22.267	0.147	42.737658, -76.235848	3602365915	00979477
Scriba	Oswego	6,840	40.571	3.342	43.457249, -76.419713	3607565992	00979478
Sempronius	Cayuga	895	29.339	0.379	42.740769, -76.327202	3601166278	00979479
Seneca	Ontario	2,721	50.450	0.000	42.833118, -77.073631	3606966289	00979480
Seneca Falls	Seneca	9,040	24.217	3.242	42.911496, -76.790451	3609966333	00979481
Sennett	Cayuga	3,595	28.820	0.024	42.977578, -76.518365	3601166443	00979482
Seward	Schoharie	1,763	36.377	0.079	42.708203, -74.582782	3609566542	00979483
Shandaken	Ulster	3,085	119.784	0.058	42.027684, -74.359949	3611166597	00979484
Sharon	Schoharie	1,846	39.062	0.098	42.776929, -74.613153	3609566641	00979485
Shawangunk	Ulster	14,332	56.056	0.494	41.632207, -74.265852	3611166674	00979486
Shelby	Orleans	5,319	46.390	0.339	43.173342, -78.386811	3607366751	00979487
Sheldon	Wyoming	2,409	47.348	0.025	42.746076, -78.376579	3612166773	00979488
Shelter Island	Suffolk	2,392	12.165	16.944	41.064875, -72.319266	3610366839	00979489
Sherburne	Chenango	4,048	43.554	0.020	42.693974, -75.481214	3601766894	00979490
Sheridan	Chautauqua	2,673	37.252	0.051	42.489629, -79.225464	3601366916	00979491
Sherman	Chautauqua	1,653	36.271	0.130	42.135974, -79.579860	3601366960	00979492
Sidney	Delaware	5,774	49.928	0.675	42.306706, -75.276026	3602567345	00979495
Skaneateles	Onondaga	7,209	42.606	6.220	42.889641, -76.411805	3606767521	00979496
Smithfield	Madison	1,288	24.274	0.086	42.964853, -75.664275	3605367785	00979497
Smithtown	Suffolk	117,801	53.698	57.752	40.919217, -73.179119	3610368000	00979498
Smithville	Chenango	1,330	50.445	0.481	42.412034, -75.757510	3601768055	00979499
Smyrna	Chenango	1,280	42.087	0.076	42.687973, -75.615788	3601768110	00979500
Sodus	Wayne	8,384	67.268	1.979	43.218114, -77.049402	3611768220	00979501
Solon	Cortland	1,079	29.651	0.076	42.614497, -76.021213	3602368264	00979502
Somers	Westchester	20,434	29.642	2.518	41.304384, -73.722774	3611968308	00979503
Somerset	Niagara	2,662	37.108	0.063	43.335736, -78.548106	3606368330	00979504
South Bristol	Ontario	1,590	38.973	3.051	42.695179, -77.405203	3606968660	00979506
South Valley	Cattaraugus	264	36.840	0.247	42.045260, -79.002709	3600969870	00979510
Southampton	Suffolk	56,790	139.195	154.510	40.880463, -72.459056	3610368473	00979505
Southeast	Putnam	18,404	31.734	3.245	41.408190, -73.600783	3607968924	00979507
Southold	Suffolk	21,968	53.783	349.917	41.138956, -72.318687	3610369463	00979508
Southport	Chemung	10,940	46.414	0.426	42.049974, -76.877424	3601569617	00979509
Spafford	Onondaga	1,686	32.698	6.518	42.829700, -76.289228	3606770057	00979511
Sparta	Livingston	1,624	27.791	0.000	42.627796, -77.697587	3605170101	00979512
Spencer	Tioga	3,153	49.550	0.326	42.221933, -76.469262	3610770178	00979513
Springfield	Otsego	1,358	42.894	2.614	42.833390, -74.866643	3607770310	00979514
Springport	Cayuga	2,367	21.399	5.431	42.852667, -76.672327	3601170376	00979515
Springwater	Livingston	2,439	53.105	0.013	42.623129, -77.573945	3605170475	00979516
St. Armand	Essex	1,548	56.511	0.934	44.371394, -74.013405	3603164529	00979447
St. Johnsville	Montgomery	2,631	16.841	0.518	43.004228, -74.680656	3605764650	00979448
Stafford	Genesee	2,459	31.097	0.179	42.993829, -78.083947	3603770607	00979517
Stamford	Delaware	2,267	48.505	0.106	42.339032, -74.665791	3602570629	00979518
Stanford	Dutchess	3,823	49.637	0.649	41.898802, -73.673133	3602770662	00979519
Stark	Herkimer	757	31.833	0.003	42.927935, -74.824074	3604370794	00979520
Starkey	Yates	3,573	32.831	6.375	42.523656, -76.944782	3612370816	00979521
Stephentown	Rensselaer	2,903	57.880	0.196	42.554474, -73.410846	3608371102	00979523
Sterling	Cayuga	3,040	45.454	1.661	43.315061, -76.658710	3601171146	00979524
Steuben	Oneida	1,100	42.653	0.048	43.352758, -75.263978	3606571212	00979525
Stillwater	Saratoga	8,287	41.191	2.383	42.968809, -73.687249	3609171333	00979526
Stockbridge	Madison	2,103	31.655	0.000	42.986010, -75.591615	3605371399	00979527
Stockholm	St. Lawrence	3,665	93.897	0.392	44.745612, -74.855877	3608971410	00979528
Stockport	Columbia	2,815	11.648	1.505	42.316875, -73.755319	3602171443	00979529
Stockton	Chautauqua	2,248	47.160	0.489	42.299455, -79.356732	3601371476	00979530
Stony Creek	Warren	767	82.162	1.042	43.415025, -74.027450	3611371641	00979531
Stony Point	Rockland	15,059	27.624	3.975	41.251644, -74.004151	3608771674	00979532
Stratford	Fulton	610	74.876	1.795	43.209651, -74.610052	3603571784	00979533
Stuyvesant	Columbia	2,027	25.004	1.745	42.397099, -73.752982	3602171850	00979534
Sullivan	Madison	15,339	73.163	0.199	43.090651, -75.883413	3605371993	00979535
Summerhill	Cayuga	1,217	25.861	0.123	42.652705, -76.321053	3601172037	00979536
Summit	Schoharie	1,148	37.085	0.399	42.574096, -74.598793	3609572070	00979537
Sweden	Monroe	14,175	33.679	0.152	43.176584, -77.925596	3605572455	00979538
Taghkanic	Columbia	1,310	39.972	0.166	42.134165, -73.677782	3602173077	00979540
Taylor	Cortland	523	29.995	0.124	42.595600, -75.918781	3602373220	00979541
Theresa	Jefferson	2,905	64.943	4.789	44.262166, -75.774289	3604573528	00979542
Thompson	Sullivan	15,308	84.089	3.408	41.647897, -74.676992	3610573627	00979543
Throop	Cayuga	1,990	18.586	0.111	42.983620, -76.618881	3601173770	00979544
Thurman	Warren	1,219	91.098	1.678	43.491968, -73.985941	3611373814	00979545
Thurston	Steuben	1,350	36.353	0.165	42.225195, -77.278932	3610173836	00979546
Ticonderoga	Essex	5,042	81.433	7.012	43.836623, -73.552805	3603173891	00979547
Tioga	Tioga	4,871	58.620	0.839	42.106190, -76.368903	3610773968	00979548
Tompkins	Delaware	1,247	98.133	6.314	42.115953, -75.273488	3602574111	00979549
Tonawanda	Erie	73,567	18.735	1.544	42.983370, -78.875671	3602975000	00979551
Torrey	Yates	1,282	22.760	10.915	42.669875, -76.954553	3612375055	00979555
Trenton	Oneida	4,498	43.376	0.341	43.260164, -75.206377	3606575280	00979556
Triangle	Broome	2,946	37.875	1.907	42.355532, -75.928402	3600775319	00979557
Troupsburg	Steuben	1,291	61.238	0.028	42.071329, -77.531843	3610175440	00979558
Truxton	Cortland	1,133	44.649	0.078	42.710309, -76.024363	3602375550	00979560
Tully	Onondaga	2,738	25.754	0.525	42.808361, -76.137034	3606775638	00979561
Tupper Lake	Franklin	5,971	117.348	12.754	44.243083, -74.472799	3603375676	00978671
Turin	Lewis	761	31.176	0.203	43.661440, -75.427289	3604975693	00979562
Tuscarora	Steuben	1,473	37.627	0.085	42.048968, -77.256751	3610175737	00979563
Tusten	Sullivan	1,515	47.205	1.580	41.570310, -74.995308	3610575759	00979565
Tuxedo	Orange	3,624	47.047	2.299	41.242006, -74.171688	3607175781	00979566
Tyre	Seneca	981	30.054	3.060	42.987172, -76.787859	3609975902	00979567
Tyrone	Schuyler	1,597	37.296	2.332	42.442051, -77.044275	3609775924	00979568
Ulster	Ulster	12,327	26.803	2.077	41.970522, -74.005113	3611175935	00979569
Ulysses	Tompkins	4,900	32.889	4.026	42.513031, -76.617330	3610975990	00979570
Unadilla	Otsego	4,392	46.254	0.419	42.368462, -75.331561	3607776012	00979571
Union	Broome	56,346	35.452	0.538	42.126619, -76.033242	3600776056	00979572
Union Vale	Dutchess	4,877	37.482	0.324	41.698971, -73.694735	3602776166	00979573
Urbana	Steuben	2,343	40.946	3.231	42.410122, -77.226538	3610176496	00979574
Van Buren	Onondaga	13,185	35.408	0.704	43.119934, -76.354809	3606776760	00979576
Van Etten	Chemung	1,557	41.446	0.124	42.234171, -76.578897	3601576892	00979577
Varick	Seneca	1,857	31.994	13.676	42.782678, -76.846441	3609976958	00979578
Venice	Cayuga	1,368	41.088	0.200	42.722268, -76.543062	3601177024	00979579
Vernon	Oneida	5,408	37.827	0.011	43.065931, -75.529692	3606577123	00979580
Verona	Oneida	6,293	69.230	0.365	43.159646, -75.627559	3606577178	00979581
Vestal	Broome	28,043	51.742	0.854	42.049395, -76.017594	3600777255	00979582
Veteran	Chemung	3,313	38.327	0.143	42.247165, -76.793468	3601577310	00979583
Victor	Ontario	14,275	35.918	0.013	42.989185, -77.428121	3606977387	00979584
Victory	Cayuga	1,660	34.394	0.058	43.210319, -76.648094	3601177420	00979585
Vienna	Oneida	5,440	61.448	33.628	43.232033, -75.770428	3606577486	00979586
Villenova	Chautauqua	1,110	36.093	0.111	42.392667, -79.117538	3601377530	00979587
Virgil	Cortland	2,401	47.363	0.036	42.520399, -76.164441	3602377596	00979588
Volney	Oswego	5,926	48.240	0.916	43.360420, -76.369664	3607577662	00979589
Waddington	St. Lawrence	2,266	51.606	6.367	44.831296, -75.192048	3608977739	00979590
Wales	Erie	3,005	35.588	0.051	42.739402, -78.517591	3602977871	00979591
Wallkill	Orange	27,426	62.107	0.736	41.489363, -74.400492	3607177992	00979592
Walton	Delaware	5,576	96.837	0.780	42.173518, -75.126950	3602578047	00979593
Walworth	Wayne	9,449	33.853	0.043	43.155050, -77.312509	3611778102	00979594
Wappinger	Dutchess	27,048	27.054	1.477	41.587392, -73.891067	3602778157	00979595
Ward	Allegany	368	29.175	0.017	42.225029, -77.901772	3600378201	00979596
Warren	Herkimer	1,143	37.791	0.319	42.898900, -74.938353	3604378278	00979597
Warrensburg	Warren	4,094	63.461	1.338	43.523052, -73.806561	3611378300	00979598
Warsaw	Wyoming	5,064	35.416	0.050	42.738212, -78.131734	3612178344	00979599
Warwick	Orange	32,065	101.340	3.546	41.259614, -74.364962	3607178366	00979600
Washington	Dutchess	4,741	58.170	0.714	41.791484, -73.677156	3602778388	00979601
Waterford	Saratoga	8,423	6.567	0.845	42.804152, -73.687293	3609178531	00979602
Waterloo	Seneca	7,642	21.668	0.147	42.919388, -76.912599	3609978564	00979603
Watertown	Jefferson	4,470	35.926	0.101	43.932813, -75.919026	3604578619	00979605
Watson	Lewis	1,881	112.737	2.960	43.829937, -75.236333	3604978729	00979607
Waverly	Tioga	4,437	125.112	1.294	44.525919, -74.545273	3603378795	00979608
Wawarsing	Ulster	13,157	130.505	3.358	41.746881, -74.419590	3611178828	00979609
Wawayanda	Orange	7,266	34.720	0.309	41.382931, -74.467685	3607178839	00979610
Wayland	Steuben	4,102	38.738	0.600	42.524551, -77.597916	3610178861	00979611
Wayne	Steuben	1,041	20.582	2.014	42.431533, -77.139620	3610178883	00979612
Webb	Herkimer	1,807	452.284	32.007	43.821971, -75.039894	3604378927	00979613
Webster	Monroe	42,641	33.531	1.707	43.230249, -77.445816	3605578971	00979614
Wells	Hamilton	674	176.800	1.564	43.475631, -74.285410	3604179059	00979615
Wellsville	Allegany	7,397	36.646	0.037	42.118425, -77.925276	3600379103	00979616
West Almond	Allegany	334	35.995	0.095	42.310960, -77.906467	3600379202	00979617
West Bloomfield	Ontario	2,466	25.461	0.039	42.891997, -77.501298	3606979356	00979618
West Monroe	Oswego	4,252	33.746	4.841	43.305626, -76.089132	3607580500	00979623
West Seneca	Erie	44,711	21.357	0.057	42.837777, -78.751233	3602980918	00979626
West Sparta	Livingston	1,255	33.450	0.000	42.610449, -77.789193	3605181006	00979627
West Turin	Lewis	1,524	102.054	0.343	43.593319, -75.507486	3604981094	00979628
West Union	Steuben	312	40.903	0.146	42.044429, -77.687883	3610181105	00979629
Westerlo	Albany	3,361	57.791	0.746	42.500334, -74.050291	3600179851	00979619
Western	Oneida	1,951	51.206	3.465	43.350032, -75.410715	3606579862	00979620
Westfield	Chautauqua	4,896	47.185	0.066	42.268345, -79.599793	3601379950	00979621
Westford	Otsego	868	33.853	0.056	42.643196, -74.816746	3607779972	00979622
Westmoreland	Oneida	6,138	43.136	0.015	43.123668, -75.445878	3606580533	00979624
Westport	Essex	1,312	58.171	8.636	44.184305, -73.446482	3603180775	00979625
Westville	Franklin	1,819	34.798	0.014	44.940496, -74.383478	3603381215	00979630
Wethersfield	Wyoming	883	35.810	0.307	42.647567, -78.244568	3612181325	00979631
Wheatfield	Niagara	18,117	27.911	0.680	43.095396, -78.885375	3606381380	00979632
Wheatland	Monroe	4,775	30.411	0.261	43.009181, -77.815932	3605581402	00979633
Wheeler	Steuben	1,260	46.066	0.061	42.436941, -77.339222	3610181457	00979634
White Creek	Washington	3,356	47.923	0.053	42.993109, -73.322229	3611581578	00979635
Whitehall	Washington	4,042	57.176	1.729	43.539138, -73.385099	3611581633	00979636
Whitestown	Oneida	18,667	27.318	0.002	43.135740, -75.335911	3606581754	00979638
Willet	Cortland	1,043	25.733	0.321	42.453678, -75.920196	3602381963	00979639
Williamson	Wayne	6,984	34.640	0.015	43.245563, -77.193969	3611782040	00979640
Williamstown	Oswego	1,277	38.672	0.491	43.455121, -75.887933	3607582073	00979641
Willing	Allegany	1,228	36.240	0.030	42.035947, -77.893373	3600382095	00979642
Willsboro	Essex	2,025	42.723	30.661	44.385498, -73.398703	3603182271	00979643
Wilmington	Essex	1,253	65.240	0.233	44.372798, -73.892043	3603182315	00979644
Wilna	Jefferson	6,427	78.623	0.878	44.056111, -75.589099	3604582348	00979645
Wilson	Niagara	5,993	49.405	2.057	43.272672, -78.812943	3606382370	00979646
Wilton	Saratoga	16,173	35.834	0.118	43.152604, -73.726967	3609182403	00979647
Windham	Greene	1,703	45.200	0.137	42.318072, -74.218391	3603982480	00979648
Windsor	Broome	6,274	91.743	1.264	42.063826, -75.672418	3600782535	00979649
Winfield	Herkimer	2,086	23.639	0.012	42.897097, -75.165933	3604382568	00979650
Wirt	Allegany	1,111	35.938	0.066	42.124500, -78.134087	3600382623	00979651
Wolcott	Wayne	4,453	39.050	0.901	43.273626, -76.765497	3611782689	00979652
Woodbury	Orange	11,353	36.124	1.076	41.327783, -74.101891	3607182755	00979653
Woodhull	Steuben	1,719	55.390	0.033	42.050282, -77.394395	3610182843	00979654
Woodstock	Ulster	5,884	67.289	0.544	42.057837, -74.166644	3611183052	00979655
Worcester	Otsego	2,220	46.710	0.163	42.582621, -74.724039	3607783129	00979656
Worth	Jefferson	231	43.218	0.086	43.743590, -75.844697	3604583162	00979657
Wright	Schoharie	1,539	28.636	0.082	42.673493, -74.207635	3609583195	00979658
Yates	Orleans	2,559	37.387	0.000	43.339463, -78.388285	3607383448	00979659
York	Livingston	3,397	49.100	0.007	42.866835, -77.888813	3605184022	00979661
Yorkshire	Cattaraugus	3,913	36.249	0.145	42.479169, -78.520073	3600984055	00979662
Yorktown	Westchester	36,081	36.645	2.612	41.269857, -73.817867	3611984077	00979663
