Adams	Jefferson	1,775	1.447	0.000	43.810092, -76.022913	3600199	02391499		Adams
Addison	Steuben	1,763	1.893	0.000	42.106321, -77.231990	3600276	02391500		Addison
Afton	Chenango	822	1.527	0.073	42.229199, -75.524750	3600342	02391501		Afton
Airmont	Rockland	8,628	4.643	0.002	41.099156, -74.097916	3600408	02391502		Ramapo
Akron	Erie	2,868	1.976	0.000	43.018115, -78.497576	3600441	02391503		Newstead
Albion	Orleans	6,056	2.920	0.000	43.246024, -78.190200	3601033	02391504		Albion & Gaines
Alden	Erie	2,605	2.718	0.000	42.898879, -78.494607	3601088	02391505		Alden
Alexander	Genesee	509	0.437	0.000	42.902021, -78.259113	3601154	02391506		Alexander
Alexandria Bay	Jefferson	1,078	0.766	0.759	44.344503, -75.922557	3601187	02391507		Alexandria
Alfred	Allegany	4,174	1.190	0.000	42.254333, -77.789646	3601198	02391508		Alfred
Allegany	Cattaraugus	1,816	0.705	0.007	42.093796, -78.492808	3601286	02391509		Allegany
Almond	Allegany & Steuben	466	0.564	0.000	42.319325, -77.738608	3601440	02391510		Almond & Hornellsville
Altamont	Albany	1,720	1.186	0.000	42.705345, -74.033633	3601517	02391511		Guilderland
Ames	Montgomery	145	0.131	0.000	42.837468, -74.601681	3601737	02391513		Canajoharie
Amityville	Suffolk	9,523	2.113	0.363	40.669844, -73.415787	3602044	02391514		Babylon
Andover	Allegany	1,042	1.001	0.015	42.156996, -77.796098	3602143	02391515		Andover
Angelica	Allegany	869	2.152	0.000	42.305506, -78.020645	3602176	02391516		Angelica
Angola	Erie	2,127	1.417	0.000	42.637885, -79.029516	3602198	02391517		Evans
Antwerp	Jefferson	686	1.035	0.033	44.200635, -75.607168	3602286	02391518		Antwerp
Arcade	Wyoming	2,071	2.649	0.003	42.530594, -78.441809	3602407	02391519		Arcade
Ardsley	Westchester	4,452	1.323	0.000	41.013550, -73.839381	3602506	02391523		Greenburgh
Argyle	Washington	306	0.350	0.000	43.236616, -73.490808	3602550	02391524		Argyle
Arkport	Steuben	844	0.694	0.000	42.392596, -77.695482	3602583	02391525		Hornellsville
Asharoken	Suffolk	654	1.471	5.015	40.939270, -73.385033	3602737	02391526		Huntington
Athens	Greene	1,668	3.420	1.185	42.271030, -73.815933	3602902	02391527		Athens
Atlantic Beach	Nassau	1,891	0.439	0.601	40.588013, -73.729360	3602968	02391528		Hempstead
Attica	Genesee & Wyoming	2,547	1.691	0.000	42.864098, -78.279810	3603001	02391529		Alexander & Attica
Aurora	Cayuga	724	0.919	0.000	42.752192, -76.698439	3603188	02391530		Ledyard
Avoca	Steuben	946	1.326	0.002	42.414883, -77.424835	3603331	02391531		Avoca
Avon	Livingston	3,394	3.099	0.000	42.912666, -77.746520	3603353	02391532		Avon
Babylon	Suffolk	12,166	2.445	0.343	40.693679, -73.326000	3603408	02391533		Babylon
Bainbridge	Chenango	1,355	1.239	0.035	42.301754, -75.479481	3604033	02391534		Bainbridge
Baldwinsville	Onondaga	7,378	3.092	0.180	43.156455, -76.330689	3604198	02391535		Lysander & Van Buren
Ballston Spa	Saratoga	5,409	1.599	0.009	43.005640, -73.854458	3604253	02391536		Ballston & Milton
Barker	Niagara	533	0.420	0.000	43.328328, -78.553535	3604440	02391538		Somerset
Bath	Steuben	5,786	3.175	0.000	42.336087, -77.316852	3604759	02391540		Bath
Baxter Estates	Nassau	999	0.182	0.000	40.833771, -73.694759	3604803	02391541		North Hempstead
Bayville	Nassau	6,669	1.450	0.101	40.907257, -73.561166	3605034	02391542		Oyster Bay
Belle Terre	Suffolk	792	0.885	0.000	40.960698, -73.067274	3605672	02391544		Brookhaven
Bellerose	Nassau	1,193	0.125	0.000	40.724269, -73.716671	3605639	02391545		Hempstead
Bellport	Suffolk	2,084	1.445	0.091	40.750950, -72.941325	3605771	02391546		Brookhaven
Belmont	Allegany	969	0.996	0.002	42.220105, -78.030794	3605815	02391547		Amity
Bemus Point	Chautauqua	364	0.436	0.000	42.163445, -79.389366	3605848	02391548		Ellery
Bergen	Genesee	1,176	0.737	0.000	43.082601, -77.942458	3606046	02391549		Bergen
Black River	Jefferson	1,348	1.791	0.053	44.009525, -75.796463	3606794	02391551		Le Ray & Rutland
Blasdell	Erie	2,553	1.123	0.000	42.796526, -78.832401	3606849	02391552		Hamburg
Bloomfield	Ontario	1,361	1.397	0.000	42.899133, -77.424151	3606945	02391553		East Bloomfield
Bloomingburg	Sullivan	420	0.309	0.000	41.555446, -74.442464	3606959	02391554		Mamakating
Bolivar	Allegany	1,047	0.798	0.000	42.068409, -78.166224	3607190	02391555		Bolivar
Boonville	Oneida	2,072	1.729	0.004	43.480862, -75.329636	3607355	02391556		Boonville
Brewster	Putnam	2,390	0.467	0.004	41.398650, -73.614401	3608070	02391557		Southeast
Briarcliff Manor	Westchester	7,867	5.962	0.850	41.140333, -73.847504	3608103	02391558		Mount Pleasant & Ossining
Brightwaters	Suffolk	3,103	0.976	0.023	40.716416, -73.261496	3608323	02391560		Islip
Broadalbin	Fulton	1,327	1.122	0.004	43.061747, -74.196039	3608422	02391561		Broadalbin & Mayfield
Brockport	Monroe	8,366	2.161	0.047	43.213297, -77.940824	3608466	02391562		Clarkson & Sweden
Brocton	Chautauqua	1,486	1.710	0.000	42.389842, -79.442821	3608488	02391563		Portland
Bronxville	Westchester	6,323	0.962	0.000	40.939444, -73.826446	3608532	02391564		Eastchester
Brookville	Nassau	3,465	3.937	0.011	40.810473, -73.573811	3610132	02391565		Oyster Bay
Brownville	Jefferson	1,119	0.673	0.004	44.005307, -75.983070	3610231	02391566		Brownville
Brushton	Franklin	474	0.276	0.000	44.830681, -74.511908	3610286	02391567		Moira
Buchanan	Westchester	2,230	1.382	0.339	41.261063, -73.948349	3610341	02391568		Cortlandt
Burdett	Schuyler	340	0.962	0.000	42.416868, -76.843957	3611132	02391569		Hector
Burke	Franklin	211	0.290	0.000	44.903170, -74.170003	3611154	02391570		Burke
Caledonia	Livingston	2,201	2.097	0.000	42.975473, -77.857113	3611704	02391571		Caledonia
Cambridge	Washington	1,870	1.678	0.000	43.027906, -73.381138	3611825	02391572		Cambridge & White Creek
Camden	Oneida	2,231	2.436	0.000	43.336477, -75.747730	3611847	02391573		Camden
Camillus	Onondaga	1,213	0.390	0.000	43.038673, -76.309499	3611902	02391574		Camillus
Canajoharie	Montgomery	2,229	1.330	0.068	42.899066, -74.567858	3612111	02391575		Canajoharie
Canaseraga	Allegany	550	1.062	0.000	42.461762, -77.777270	3612177	02391576		Burns
Canastota	Madison	4,804	3.351	0.004	43.084149, -75.755495	3612188	02391577		Lenox
Candor	Tioga	851	0.441	0.000	42.228437, -76.336645	3612210	02391578		Candor
Canisteo	Steuben	2,270	0.934	0.000	42.270354, -77.605658	3612254	02391579		Canisteo
Canton	St. Lawrence	6,314	3.576	0.100	44.599510, -75.170671	3612331	02391580		Canton
Cape Vincent	Jefferson	726	0.724	0.025	44.123110, -76.330707	3612353	02391581		Cape Vincent
Carthage	Jefferson	3,747	2.508	0.170	43.985353, -75.603475	3612683	02391582		Wilna
Cassadaga	Chautauqua	634	0.839	0.217	42.341564, -79.317023	3612749	02391583		Stockton
Castile	Wyoming	1,015	1.352	0.000	42.631184, -78.052551	3612771	02391584		Castile
Castleton-on-Hudson	Rensselaer	1,473	0.714	0.001	42.533796, -73.751094	3612870	02391585		Schodack
Castorland	Lewis	351	0.321	0.000	43.886105, -75.516439	3612881	02391586		Denmark
Cato	Cayuga	532	0.989	0.025	43.165568, -76.567506	3612958	02391587		Cato & Ira
Catskill	Greene	4,081	2.280	0.579	42.212604, -73.859911	3613002	02391588		Catskill
Cattaraugus	Cattaraugus	1,002	1.117	0.002	42.329763, -78.867519	3613024	02391589		New Albion
Cayuga	Cayuga	549	0.904	0.462	42.919548, -76.727987	3613068	02391590		Aurelius
Cayuga Heights	Tompkins	3,729	1.767	0.001	42.467675, -76.488417	3613079	02391591		Ithaca
Cazenovia	Madison	2,835	1.873	0.000	42.928268, -75.850181	3613145	02391592		Cazenovia
Cedarhurst	Nassau	6,592	0.675	0.000	40.625204, -73.727833	3613233	02391593		Hempstead
Celoron	Chautauqua	1,112	0.747	0.000	42.105437, -79.276584	3613288	02391594		Ellicott
Central Square	Oswego	1,848	1.906	0.000	43.285986, -76.141879	3613585	02391595		Hastings
Centre Island	Nassau	410	1.090	0.002	40.898546, -73.521919	3613618	02391596		Oyster Bay
Champlain	Clinton	1,101	1.390	0.039	44.987738, -73.435430	3613739	02391597		Champlain
Chateaugay	Franklin	833	1.083	0.000	44.926589, -74.080398	3613981	02391598		Chateaugay
Chatham	Columbia	1,770	1.237	0.004	42.361824, -73.597979	3614003	02391599		Chatham & Ghent
Chaumont	Jefferson	624	0.971	0.093	44.068353, -76.132749	3614036	02391600		Lyme
Cherry Valley	Otsego	520	0.510	0.000	42.798179, -74.752172	3615242	02391602		Cherry Valley
Chester	Orange	3,969	2.148	0.000	41.356942, -74.276920	3615297	02391603		Chester & Goshen
Chestnut Ridge	Rockland	7,916	4.968	0.003	41.084908, -74.048071	3615400	02391604		Ramapo
Chittenango	Madison	5,081	2.441	0.000	43.046684, -75.874889	3615561	02391607		Sullivan
Churchville	Monroe	1,961	1.153	0.018	43.102256, -77.881586	3615638	02391608		Riga
Clayton	Jefferson	1,978	1.613	0.973	44.237487, -76.082734	3616089	02391609		Clayton
Clayville	Oneida	350	0.439	0.004	42.976045, -75.249211	3616111	02391610		Paris
Cleveland	Oswego	750	1.131	0.093	43.240002, -75.884202	3616188	02391612		Constantia
Clifton Springs	Ontario	2,127	1.519	0.000	42.960752, -77.135457	3616375	02391613		Manchester & Phelps
Clinton	Oneida	1,942	0.626	0.000	43.048866, -75.378462	3616419	02391614		Kirkland
Clyde	Wayne	2,093	2.198	0.059	43.084154, -76.870408	3616573	02391615		Galen
Cobleskill	Schoharie	4,678	3.572	0.004	42.679002, -74.485234	3616628	02391616		Cobleskill
Cohocton	Steuben	838	1.501	0.000	42.499930, -77.500006	3616727	02391617		Cohocton
Cold Brook	Herkimer	329	0.439	0.000	43.239875, -75.038869	3616815	02391618		Russia
Cold Spring	Putnam	2,013	0.594	0.005	41.419238, -73.954744	3616936	02391619		Philipstown
Colonie	Albany	7,793	3.242	0.003	42.720873, -73.831736	3617332	02391620		Colonie
Constableville	Lewis	242	1.118	0.000	43.564878, -75.428055	3617882	02391621		West Turin
Cooperstown	Otsego	1,852	1.635	0.210	42.698875, -74.930659	3618047	02391622		Middlefield & Otsego
Copenhagen	Lewis	801	1.176	0.000	43.893436, -75.672617	3618135	02391623		Denmark
Corfu	Genesee	709	0.995	0.000	42.961163, -78.402610	3618201	02391624		Darien & Pembroke
Corinth	Saratoga	2,559	1.067	0.039	43.245662, -73.830348	3618212	02391625		Corinth
Cornwall-on-Hudson	Orange	3,018	1.987	0.105	41.433521, -74.015145	3618333	02391626		Cornwall
Cove Neck	Nassau	286	1.284	0.280	40.885591, -73.497821	3618597	02391627		Oyster Bay
Coxsackie	Greene	2,813	2.172	0.423	42.357638, -73.807997	3618718	02391628		Coxsackie
Croghan	Lewis	618	0.434	0.000	43.894563, -75.391229	3619070	02391629		Croghan & New Bremen
Croton-on-Hudson	Westchester	8,070	4.642	6.038	41.209652, -73.901152	3619213	02391630		Cortlandt
Cuba	Allegany	1,575	1.216	0.000	42.218292, -78.275211	3619356	02391631		Cuba
Dannemora	Clinton	3,936	1.148	0.000	44.720038, -73.718702	3619642	02391632		Dannemora & Saranac
Dansville	Livingston	4,719	2.608	0.000	42.562482, -77.696927	3619664	02391633		North Dansville & Sparta
Deferiet	Jefferson	294	0.650	0.082	44.036398, -75.681939	3619994	02391634		Wilna
Delanson	Schenectady	377	0.644	0.003	42.748142, -74.182375	3620082	02391635		Duanesburg
Delevan	Cattaraugus	1,089	0.994	0.000	42.491288, -78.479603	3620115	02391636		Yorkshire
Delhi	Delaware	3,087	3.142	0.050	42.278309, -74.914421	3620126	02391637		Delhi
Depew	Erie	15,303	5.074	0.000	42.911766, -78.704352	3620313	02391638		Cheektowaga & Lancaster
Deposit	Broome & Delaware	1,663	1.263	0.053	42.064176, -75.422919	3620346	02391639		Deposit & Sanford
Dering Harbor	Suffolk	11	0.246	0.013	41.092177, -72.341328	3620379	02391640		Shelter Island
DeRuyter	Madison	558	0.344	0.000	42.758526, -75.886743	3620390	02391641		DeRuyter
Dexter	Jefferson	1,052	0.692	0.063	44.011372, -76.042952	3620500	02391642		Brownville
Dobbs Ferry	Westchester	10,875	2.429	0.752	41.009994, -73.868618	3620698	02391643		Greenburgh
Dolgeville	Fulton & Herkimer	2,206	1.791	0.044	43.106695, -74.779974	3620731	02391644		Manheim & Oppenheim
Dresden	Yates	308	0.302	0.006	42.683928, -76.957046	3620896	02391645		Torrey
Dryden	Tompkins	1,890	1.756	0.014	42.490830, -76.301387	3620951	02391646		Dryden
Dundee	Yates	1,725	1.124	0.000	42.523728, -76.977306	3621050	02391647		Starkey
Earlville	Chenango & Madison	872	1.079	0.000	42.740080, -75.543605	3621523	02391648		Hamilton & Sherburne
East Aurora	Erie	6,236	2.512	0.011	42.766836, -78.617040	3621589	02391649		Aurora
East Hampton	Suffolk	1,083	4.764	0.138	40.951538, -72.196101	3622183	02391650		East Hampton
East Hills	Nassau	6,955	2.273	0.000	40.795822, -73.629223	3622260	02391651		North Hempstead & Oyster Bay
East Nassau	Rensselaer	587	4.863	0.009	42.538976, -73.504976	3622557	02391652		Nassau
East Rochester	Monroe	6,587	1.325	0.004	43.112210, -77.487176	3622865	02391654		East Rochester
East Rockaway	Nassau	9,818	1.017	0.014	40.643804, -73.667130	3622876	02391655		Hempstead
East Syracuse	Onondaga	3,084	1.622	0.000	43.063723, -76.069710	3623052	02391656		DeWitt
East Williston	Nassau	2,556	0.569	0.000	40.760850, -73.633607	3623217	02391657		North Hempstead
Elba	Genesee	676	1.017	0.000	43.076804, -78.188908	3623745	02391659		Elba
Elbridge	Onondaga	1,058	1.126	0.000	43.036650, -76.443282	3623789	02391660		Elbridge
Ellenville	Ulster	4,135	8.725	0.087	41.705109, -74.362230	3623965	02391661		Wawarsing
Ellicottville	Cattaraugus	376	0.820	0.014	42.274852, -78.672283	3624020	02391662		Ellicottville
Ellisburg	Jefferson	244	1.015	0.000	43.734958, -76.134589	3624075	02391663		Ellisburg
Elmira Heights	Chemung	4,097	1.146	0.000	42.126690, -76.825566	3624251	02391664		Elmira & Horseheads
Elmsford	Westchester	4,664	1.027	0.000	41.054134, -73.814335	3624295	02391665		Greenburgh
Endicott	Broome	13,392	3.194	0.004	42.097489, -76.063376	3624515	02391666		Union
Esperance	Schoharie	345	0.491	0.030	42.764633, -74.257392	3624713	02390828		Esperance
Evans Mills	Jefferson	621	0.829	0.000	44.087269, -75.807794	3624823	02390829		Le Ray
Fabius	Onondaga	352	0.398	0.000	42.834657, -75.984688	3624867	02390830		Fabius
Fair Haven	Cayuga	745	1.755	1.168	43.322040, -76.705181	3624988	02390831		Sterling
Fairport	Monroe	5,353	1.589	0.034	43.099319, -77.443018	3625076	02390832		Perinton
Falconer	Chautauqua	2,420	1.093	0.000	42.118984, -79.197272	3625164	02390833		Ellicott
Farmingdale	Nassau	8,189	1.121	0.000	40.732762, -73.446471	3625384	02390834		Oyster Bay
Farnham	Erie	382	1.207	0.000	42.595064, -79.080860	3625428	02390835		Brant
Fayetteville	Onondaga	4,373	1.746	0.000	43.032711, -75.997843	3625527	02390836		Manlius
Fishkill	Dutchess	2,171	0.820	0.004	41.533942, -73.892754	3625967	02390837		Fishkill
Fleischmanns	Delaware	351	0.655	0.015	42.154876, -74.534670	3626209	02390838		Middletown
Floral Park	Nassau	15,863	1.417	0.013	40.721952, -73.702824	3626264	02390839		Hempstead & North Hempstead
Florida	Orange	2,833	2.251	0.004	41.330641, -74.354202	3626319	02390840		Goshen & Warwick
Flower Hill	Nassau	4,665	1.618	0.000	40.807537, -73.675607	3626352	02390841		North Hempstead
Fonda	Montgomery	795	0.539	0.069	42.953398, -74.372893	3626462	02390842		Mohawk
Fort Ann	Washington	484	0.293	0.015	43.415615, -73.489820	3626704	02390844		Fort Ann
Fort Edward	Washington	3,375	1.756	0.180	43.268618, -73.582617	3626770	02390845		Fort Edward
Fort Johnson	Montgomery	490	0.737	0.109	42.958010, -74.236311	3626880	02390846		Amsterdam
Fort Plain	Montgomery	2,322	1.346	0.057	42.932658, -74.626799	3626924	02390847		Canajoharie & Minden
Frankfort	Herkimer	2,598	1.014	0.017	43.037753, -75.071582	3627188	02390848		Frankfort
Franklin	Delaware	374	0.339	0.007	42.344190, -75.166450	3627221	02390849		Franklin
Franklinville	Cattaraugus	1,740	1.100	0.000	42.334746, -78.454766	3627331	02390850		Franklinville
Fredonia	Chautauqua	11,230	5.189	0.000	42.440673, -79.331989	3627419	02390851		Pomfret
Freeport	Nassau	42,860	4.628	0.241	40.652407, -73.584993	3627485	02390852		Hempstead
Freeville	Tompkins	520	1.058	0.037	42.510538, -76.345995	3627529	02390853		Dryden
Fultonville	Montgomery	784	0.477	0.043	42.946330, -74.369740	3627859	02390854		Glen
Gainesville	Wyoming	229	0.856	0.000	42.641494, -78.134659	3627969	02390855		Gainesville
Galway	Saratoga	200	0.256	0.000	43.018516, -74.031838	3628101	02390856		Galway
Garden City	Nassau	22,371	5.330	0.025	40.725756, -73.645398	3628178	02390857		Hempstead & North Hempstead
Geneseo	Livingston	8,031	2.839	0.000	42.798993, -77.809558	3628618	02390858		Geneseo
Gilbertsville	Otsego	399	1.003	0.000	42.469331, -75.322609	3628959	02390859		Butternuts
Glen Park	Jefferson	502	0.708	0.024	44.003070, -75.958397	3629322	02390860		Brownville & Pamelia
Goshen	Orange	5,454	3.330	0.000	41.401689, -74.326813	3629542	02390861		Goshen
Gouverneur	St. Lawrence	3,949	2.191	0.087	44.336573, -75.466035	3629597	02390862		Gouverneur
Gowanda	Cattaraugus & Erie	2,709	1.593	0.016	42.460428, -78.934518	3629630	02390863		Collins & Persia
Grand View-on-Hudson	Rockland	285	0.176	0.000	41.066285, -73.921348	3629872	02390864		Orangetown
Granville	Washington	2,543	1.570	0.000	43.413423, -73.270621	3630026	02390865		Granville
Great Neck	Nassau	9,989	1.329	0.027	40.802368, -73.733099	3630169	02390866		North Hempstead
Great Neck Estates	Nassau	2,761	0.757	0.044	40.786721, -73.741879	3630191	02390867		North Hempstead
Great Neck Plaza	Nassau	6,707	0.312	0.000	40.786884, -73.726212	3630213	02390868		North Hempstead
Green Island	Albany	2,620	0.747	0.186	42.747870, -73.692595	3630521	02390869		Green Island
Greene	Chenango	1,580	1.068	0.038	42.330068, -75.767686	3630411	02390870		Greene
Greenport	Suffolk	2,197	0.956	0.249	41.102428, -72.366763	3630576	02390871		Southold
Greenwich	Washington	1,777	1.477	0.000	43.086497, -73.496773	3630675	02390872		Easton & Greenwich
Greenwood Lake	Orange	3,154	2.048	0.424	41.222058, -74.290390	3630752	02390873		Warwick
Groton	Tompkins	2,363	1.738	0.000	42.583430, -76.359860	3630961	02390874		Groton
Hagaman	Montgomery	1,292	1.498	0.046	42.970732, -74.159793	3631291	02390875		Amsterdam
Hamburg	Erie	9,409	2.486	0.000	42.723395, -78.834867	3631643	02390876		Hamburg
Hamilton	Madison	4,239	2.486	0.192	42.828457, -75.553015	3631709	02390877		Eaton, Hamilton & Madison
Hammond	St. Lawrence	280	0.586	0.000	44.446385, -75.693499	3631830	02390878		Hammond
Hammondsport	Steuben	661	0.345	0.020	42.408740, -77.222858	3631852	02390879		Urbana
Hancock	Delaware	1,031	1.502	0.141	41.952526, -75.283402	3631940	02390880		Hancock
Hannibal	Oswego	555	1.152	0.000	43.319437, -76.577742	3632017	02390881		Hannibal
Harriman	Orange	2,424	1.004	0.018	41.309014, -74.144033	3632325	02390882		Monroe & Woodbury
Harrison	Westchester	27,472	16.766	0.603	41.026444, -73.723707	3632402	02390883		Harrison
Hastings-on-Hudson	Westchester	7,849	1.952	0.961	40.988041, -73.881236	3632710	02390885		Greenburgh
Haverstraw	Rockland	11,910	1.980	3.057	41.178245, -73.943331	3632754	02390886		Haverstraw
Head of the Harbor	Suffolk	1,472	2.807	0.228	40.897660, -73.161538	3632963	02390887		Smithtown
Hempstead	Nassau	53,891	3.682	0.005	40.704374, -73.619445	3633139	02390888		Hempstead
Herkimer	Herkimer	7,743	2.588	0.115	43.028078, -74.993306	3634121	02390889		Herkimer
Heuvelton	St. Lawrence	714	0.761	0.107	44.617085, -75.404171	3634264	02390892		Oswegatchie
Hewlett Bay Park	Nassau	404	0.337	0.022	40.635120, -73.695824	3634297	02390893		Hempstead
Hewlett Harbor	Nassau	1,263	0.726	0.104	40.632682, -73.684848	3634308	02390894		Hempstead
Hewlett Neck	Nassau	445	0.193	0.021	40.624763, -73.697082	3634319	02390895		Hempstead
Highland Falls	Orange	3,900	1.090	0.009	41.364565, -73.968924	3634495	02390896		Highlands
Hillburn	Rockland	951	2.251	0.018	41.127584, -74.170333	3634660	02390897		Ramapo
Hilton	Monroe	5,886	1.780	0.000	43.289941, -77.792595	3634847	02390898		Parma
Hobart	Delaware	441	0.498	0.007	42.372156, -74.668541	3634979	02390899		Stamford
Holland Patent	Oneida	458	0.506	0.002	43.241145, -75.256571	3635144	02390900		Trenton
Holley	Orleans	1,811	1.268	0.000	43.224657, -78.029194	3635155	02390901		Murray
Homer	Cortland	3,291	1.925	0.013	42.637233, -76.185377	3635276	02390902		Cortlandville & Homer
Honeoye Falls	Monroe	2,674	2.543	0.052	42.954674, -77.591110	3635364	02390903		Mendon
Hoosick Falls	Rensselaer	3,501	1.598	0.000	42.900907, -73.349968	3635474	02390904		Hoosick
Horseheads	Chemung	6,461	3.887	0.015	42.168632, -76.829658	3635694	02390905		Horseheads
Hudson Falls	Washington	7,281	1.832	0.058	43.304735, -73.581587	3635980	02390906		Kingsbury
Hunter	Greene	502	1.735	0.032	42.210532, -74.215431	3636167	02390907		Hunter
Huntington Bay	Suffolk	1,425	0.998	0.897	40.903556, -73.412127	3637022	02390908		Huntington
Ilion	Herkimer	8,053	2.493	0.059	43.011267, -75.039645	3637275	02390909		Frankfort & German Flatts
Interlaken	Seneca	602	0.267	0.000	42.618478, -76.724677	3637528	02390910		Covert
Irvington	Westchester	6,420	2.773	1.290	41.034258, -73.867028	3637803	02390911		Greenburgh
Island Park	Nassau	4,655	0.445	0.000	40.605334, -73.655440	3637847	02390912		Hempstead
Islandia	Suffolk	3,335	2.220	0.000	40.806845, -73.171056	3637840	02390913		Islip
Jeffersonville	Sullivan	359	0.405	0.033	41.777521, -74.925853	3638506	02390914		Callicoon
Johnson City	Broome	15,174	4.536	0.099	42.125288, -75.963406	3638748	02390915		Union
Jordan	Onondaga	1,368	1.146	0.000	43.067088, -76.472868	3638825	02390916		Elbridge
Kaser	Rockland	4,724	0.172	0.000	41.121233, -74.068583	3638934	02390917		Ramapo
Kenmore	Erie	15,423	1.435	0.000	42.964634, -78.871286	3639232	02390919		Tonawanda
Kensington	Nassau	1,161	0.254	0.000	40.793077, -73.722242	3639309	02390920		North Hempstead
Kinderhook	Columbia	1,211	2.104	0.000	42.394382, -73.703768	3639562	02390921		Kinderhook
Kings Point	Nassau	5,005	3.355	0.643	40.817892, -73.739320	3639694	02390922		North Hempstead
Kiryas Joel	Orange	20,175	1.109	0.006	41.340667, -74.167274	3639853	02390923		Monroe
Lacona	Oswego	582	1.110	0.003	43.642654, -76.066066	3640200	02390924		Sandy Creek
Lake George	Warren	906	0.586	0.000	43.425924, -73.715168	3640508	02390925		Lake George
Lake Grove	Suffolk	11,163	2.947	0.001	40.857797, -73.116818	3640530	02390926		Brookhaven
Lake Placid	Essex	2,521	1.371	0.166	44.284230, -73.986439	3640761	02390927		North Elba
Lake Success	Nassau	2,934	1.845	0.050	40.763874, -73.711086	3640937	02390928		North Hempstead
Lakewood	Chautauqua	3,002	1.976	0.000	42.099123, -79.320066	3641069	02390929		Busti
Lancaster	Erie	10,352	2.698	0.034	42.900571, -78.668662	3641135	02390930		Lancaster
Lansing	Tompkins	3,529	4.610	0.019	42.489865, -76.487548	3641223	02390931		Lansing
Larchmont	Westchester	5,864	1.077	0.002	40.925961, -73.751960	3641333	02390932		Mamaroneck
Lattingtown	Nassau	1,739	3.755	0.077	40.894640, -73.595343	3641432	02390933		Oyster Bay
Laurel Hollow	Nassau	1,952	2.958	0.204	40.856700, -73.477542	3641487	02390934		Oyster Bay
Laurens	Otsego	263	0.128	0.000	42.531319, -75.088716	3641520	02390935		Laurens
Lawrence	Nassau	6,483	3.719	0.912	40.604103, -73.712824	3641553	02390936		Hempstead
Le Roy	Genesee	4,391	2.688	0.003	42.978012, -77.990880	3642026	02390937		Le Roy
Leicester	Livingston	468	0.367	0.000	42.770950, -77.896805	3641872	02390938		Leicester
Lewiston	Niagara	2,701	1.097	0.139	43.171869, -79.039561	3642147	02390939		Lewiston
Liberty	Sullivan	4,392	2.602	0.004	41.796593, -74.743195	3642224	02390940		Liberty
Lima	Livingston	2,139	1.346	0.000	42.906948, -77.612263	3642323	02390941		Lima
Lindenhurst	Suffolk	27,253	3.760	0.057	40.685751, -73.371594	3642554	02390943		Babylon
Lisle	Broome	320	0.936	0.000	42.349054, -76.005522	3642642	02390944		Lisle
Little Valley	Cattaraugus	1,143	1.002	0.000	42.249365, -78.798751	3642829	02390945		Little Valley
Liverpool	Onondaga	2,347	0.757	0.000	43.106202, -76.209386	3642884	02390946		Salina
Livonia	Livingston	1,409	1.007	0.000	42.821961, -77.668854	3642950	02390947		Livonia
Lloyd Harbor	Suffolk	3,660	9.363	1.296	40.921496, -73.443386	3643005	02390948		Huntington
Lodi	Seneca	291	0.551	0.002	42.613400, -76.821978	3643214	02390949		Lodi
Lowville	Lewis	3,470	1.911	0.000	43.786667, -75.487416	3643720	02390950		Lowville
Lynbrook	Nassau	19,427	2.014	0.000	40.657880, -73.674195	3643874	02390951		Hempstead
Lyndonville	Orleans	838	1.024	0.000	43.321345, -78.388869	3643918	02390952		Yates
Lyons Falls	Lewis	566	0.971	0.093	43.617008, -75.361634	3644006	02390954		Lyonsdale & West Turin
Madison	Madison	305	0.502	0.000	42.897531, -75.512144	3644424	02390956		Madison
Malone	Franklin	5,911	3.111	0.066	44.848221, -74.289580	3644710	02390957		Malone
Malverne	Nassau	8,514	1.058	0.000	40.674540, -73.672102	3644787	02390958		Hempstead
Mamaroneck	Westchester	18,929	3.170	3.407	40.934435, -73.726644	3644831	02390959		Mamaroneck & Rye
Manchester	Ontario	1,709	1.176	0.000	42.968351, -77.231188	3644853	02390960		Manchester
Manlius	Onondaga	4,704	1.785	0.002	43.001057, -75.981633	3645018	02390961		Manlius
Mannsville	Jefferson	354	0.897	0.033	43.717816, -76.066836	3645073	02390962		Ellisburg
Manorhaven	Nassau	6,556	0.465	0.166	40.839412, -73.711098	3645106	02390963		North Hempstead
Marathon	Cortland	919	1.130	0.002	42.444808, -76.036238	3645392	02390964		Marathon
Marcellus	Onondaga	1,813	0.622	0.000	42.983760, -76.340197	3645480	02390965		Marcellus
Margaretville	Delaware	596	0.684	0.018	42.145267, -74.650708	3645557	02390966		Middletown
Massapequa Park	Nassau	17,008	2.210	0.043	40.680909, -73.449689	3645997	02390968		Oyster Bay
Massena	St. Lawrence	10,936	4.524	0.200	44.929024, -74.892973	3646019	02390969		Louisville, Massena & Norfolk
Matinecock	Nassau	810	2.658	0.005	40.858436, -73.583658	3646107	02390970		Oyster Bay
Maybrook	Orange	2,958	1.354	0.006	41.488026, -74.212468	3646162	02390971		Hamptonburgh & Montgomery
Mayfield	Fulton	832	0.907	0.177	43.101933, -74.266014	3646206	02390972		Mayfield
Mayville	Chautauqua	1,711	1.991	0.002	42.253099, -79.501913	3646239	02390973		Chautauqua
McGraw	Cortland	1,053	0.987	0.000	42.593765, -76.097502	3644193	02390974		Cortlandville
Medina	Orleans	6,065	3.299	0.078	43.219742, -78.387874	3646415	02390975		Ridgeway & Shelby
Menands	Albany	3,990	3.058	0.251	42.691180, -73.726188	3646536	02390976		Colonie
Meridian	Cayuga	309	0.691	0.000	43.162963, -76.538182	3646646	02390977		Cato
Mexico	Oswego	1,624	2.145	0.000	43.465218, -76.232574	3646811	02390978		Mexico
Middleburgh	Schoharie	1,500	1.247	0.000	42.597979, -74.329828	3646866	02390979		Middleburgh
Middleport	Niagara	1,840	0.872	0.000	43.211722, -78.475728	3646998	02390980		Hartland & Royalton
Middleville	Herkimer	512	0.765	0.050	43.138937, -74.970235	3647108	02390981		Fairfield & Newport
Milford	Otsego	415	0.424	0.000	42.590470, -74.946865	3647229	02390982		Milford
Mill Neck	Nassau	997	2.609	0.320	40.882186, -73.558941	3647405	02390983		Oyster Bay
Millbrook	Dutchess	1,452	1.931	0.056	41.784578, -73.694358	3647273	02390984		Washington
Millerton	Dutchess	958	0.618	0.003	41.951734, -73.510148	3647361	02390985		North East
Millport	Chemung	312	0.348	0.000	42.268098, -76.836244	3647427	02390986		Veteran
Mineola	Nassau	18,799	1.880	0.000	40.746971, -73.639185	3647636	02390987		Hempstead & North Hempstead
Minoa	Onondaga	3,449	1.273	0.000	43.074686, -76.008604	3647757	02390988		Manlius
Mohawk	Herkimer	2,731	0.876	0.027	43.009377, -75.007139	3647823	02390989		German Flatts
Monroe	Orange	8,364	3.453	0.064	41.320395, -74.183020	3647988	02390990		Monroe
Montebello	Rockland	4,526	4.346	0.010	41.130795, -74.110078	3648090	02390991		Ramapo
Montgomery	Orange	3,814	1.406	0.042	41.521266, -74.238661	3648142	02390992		Montgomery
Monticello	Sullivan	6,726	3.985	0.024	41.651718, -74.688222	3648175	02390993		Thompson
Montour Falls	Schuyler	1,711	3.008	0.024	42.348895, -76.847463	3648197	02390994		Dix & Montour
Moravia	Cayuga	1,282	1.703	0.021	42.712181, -76.422206	3648296	02390995		Moravia
Morris	Otsego	583	0.746	0.008	42.548118, -75.245292	3648483	02390996		Morris
Morrisville	Madison	2,199	1.153	0.000	42.897825, -75.644811	3648593	02390998		Eaton
Mount Kisco	Westchester	10,877	3.035	0.030	41.201696, -73.728258	3648890	02390999		Mount Kisco
Mount Morris	Livingston	2,986	2.048	0.000	42.723695, -77.875207	3648945	02391000		Mount Morris
Munnsville	Madison	474	0.849	0.000	42.976584, -75.586805	3649220	02391001		Stockbridge
Munsey Park	Nassau	2,693	0.518	0.000	40.798996, -73.679943	3649231	02391002		North Hempstead
Muttontown	Nassau	3,497	6.063	0.000	40.825391, -73.536335	3649330	02391003		Oyster Bay
Naples	Ontario	1,041	0.985	0.000	42.617640, -77.402101	3649429	02391004		Naples
Nassau	Rensselaer	1,133	0.699	0.000	42.513963, -73.610750	3649506	02391005		Nassau & Schodack
Nelliston	Montgomery	596	1.105	0.090	42.932657, -74.607574	3649748	02391006		Palatine
Nelsonville	Putnam	628	1.034	0.001	41.429505, -73.950278	3649781	02391007		Philipstown
New Berlin	Chenango	1,028	1.066	0.000	42.623983, -75.335317	3649946	02391008		New Berlin
New Hartford	Oneida	1,847	0.617	0.000	43.071019, -75.288625	3650298	02391009		New Hartford
New Hempstead	Rockland	5,132	2.853	0.010	41.145709, -74.051034	3650353	02391010		Ramapo
New Hyde Park	Nassau	9,712	0.860	0.000	40.732390, -73.685744	3650397	02391011		Hempstead & North Hempstead
New Paltz	Ulster	6,818	1.715	0.037	41.749942, -74.079738	3650551	02391012		New Paltz
New Square	Rockland	6,944	0.356	0.000	41.140829, -74.029262	3650705	02391013		Ramapo
New York Mills	Oneida	3,327	1.180	0.000	43.100706, -75.293111	3651011	02391014		New Hartford & Whitestown
Newark	Wayne	9,145	5.406	0.005	43.042009, -77.094024	3649891	02391015		Arcadia
Newark Valley	Tioga	997	0.988	0.000	42.222905, -76.186776	3649902	02391016		Newark Valley
Newport	Herkimer	640	0.526	0.064	43.186845, -75.016023	3650573	02391017		Newport
Nichols	Tioga	512	0.518	0.000	42.020017, -76.370402	3651110	02391018		Nichols
Nissequogue	Suffolk	1,749	3.782	0.194	40.906393, -73.188563	3651286	02391019		Smithtown
North Collins	Erie	1,232	0.801	0.000	42.594821, -78.936941	3651792	02391021		North Collins
North Haven	Suffolk	833	2.713	0.000	41.023111, -72.314021	3652188	02391022		Southampton
North Hills	Nassau	5,075	2.759	0.000	40.776450, -73.677836	3653022	02391023		North Hempstead
North Hornell	Steuben	778	0.498	0.000	42.345536, -77.660652	3653055	02391024		Hornellsville
North Syracuse	Onondaga	6,800	1.958	0.000	43.133853, -76.130571	3653660	02391025		Cicero & Clay
Northport	Suffolk	7,401	2.308	0.222	40.904045, -73.344968	3653396	02391026		Huntington
Northville	Fulton	1,099	1.039	0.344	43.223557, -74.169592	3653770	02391027		Northampton
Norwood	St. Lawrence	1,657	2.095	0.169	44.748300, -74.996674	3654012	02391028		Norfolk & Potsdam
Nunda	Livingston	1,377	0.993	0.000	42.580126, -77.937929	3654078	02391029		Nunda
Nyack	Rockland	6,765	0.770	0.838	41.089847, -73.914980	3654100	02391030		Clarkstown & Orangetown
Oakfield	Genesee	1,813	0.661	0.000	43.064958, -78.271018	3654155	02391031		Oakfield
Ocean Beach	Suffolk	79	0.141	0.000	40.646286, -73.156523	3654430	02391032		Islip
Odessa	Schuyler	591	1.137	0.000	42.334999, -76.788114	3654452	02391033		Catharine & Montour
Old Brookville	Nassau	2,134	3.999	0.001	40.836470, -73.605108	3654562	02391034		Oyster Bay
Old Field	Suffolk	918	2.070	0.121	40.964990, -73.145952	3654617	02391035		Brookhaven
Old Westbury	Nassau	4,671	8.573	0.000	40.786601, -73.597632	3654705	02391036		North Hempstead & Oyster Bay
Oneida Castle	Oneida	625	0.514	0.000	43.081435, -75.633254	3654848	02391037		Vernon
Orchard Park	Erie	3,246	1.346	0.041	42.762317, -78.741725	3655266	02391038		Orchard Park
Oriskany	Oneida	1,400	0.792	0.000	43.156765, -75.333517	3655365	02391039		Whitestown
Oriskany Falls	Oneida	732	0.506	0.000	42.937990, -75.463610	3655376	02391040		Augusta
Ossining	Westchester	25,060	3.149	3.283	41.158160, -73.870405	3655530	02391041		Ossining
Otego	Otsego	1,010	1.159	0.000	42.392799, -75.180071	3655618	02391042		Otego
Otisville	Orange	1,068	0.764	0.000	41.471438, -74.539709	3655673	02391043		Mount Hope
Ovid	Seneca	602	0.398	0.000	42.675648, -76.822897	3655816	02391044		Ovid & Romulus
Owego	Tioga	3,896	2.454	0.215	42.104560, -76.262227	3655882	02391045		Owego
Oxford	Chenango	1,450	1.785	0.000	42.441191, -75.595979	3655948	02391046		Oxford
Oyster Bay Cove	Nassau	2,197	4.187	0.069	40.860496, -73.505379	3656011	02391047		Oyster Bay
Painted Post	Steuben	1,809	1.272	0.060	42.163762, -77.092384	3656088	02391048		Erwin
Palatine Bridge	Montgomery	737	0.883	0.066	42.914308, -74.579418	3656110	02391049		Palatine
Palmyra	Wayne	3,536	1.347	0.000	43.060864, -77.229719	3656187	02391050		Palmyra
Panama	Chautauqua	479	2.200	0.006	42.068570, -79.487189	3656231	02391051		Harmony
Parish	Oswego	450	1.605	0.000	43.405772, -76.126248	3656341	02391052		Parish
Patchogue	Suffolk	11,798	2.255	0.262	40.762949, -73.019540	3656660	02391053		Brookhaven
Pawling	Dutchess	2,347	1.997	0.001	41.563609, -73.599339	3656814	02391054		Pawling
Pelham	Westchester	6,910	0.829	0.005	40.911080, -73.807704	3657001	02391055		Pelham
Pelham Manor	Westchester	5,486	1.343	0.041	40.893068, -73.805928	3657023	02391056		Pelham
Penn Yan	Yates	5,159	2.381	0.056	42.660714, -77.053071	3657177	02391057		Benton, Jerusalem & Milo
Perry	Wyoming	3,673	2.337	0.112	42.717221, -78.007406	3657243	02391058		Castile & Perry
Phelps	Ontario	1,989	1.172	0.000	42.958130, -77.062108	3657518	02391060		Phelps
Philadelphia	Jefferson	1,252	0.904	0.000	44.154215, -75.709570	3657551	02391061		Philadelphia
Philmont	Columbia	1,379	1.187	0.039	42.249421, -73.646347	3657639	02391062		Claverack
Phoenix	Oswego	2,382	1.171	0.119	43.230897, -76.295805	3657661	02391063		Schroeppel
Piermont	Rockland	2,510	0.679	0.473	41.041570, -73.911407	3657749	02391064		Orangetown
Pittsford	Monroe	1,355	0.673	0.019	43.090493, -77.516571	3658354	02391066		Pittsford
Plandome	Nassau	1,349	0.495	0.009	40.806579, -73.701630	3658475	02391067		North Hempstead
Plandome Heights	Nassau	1,005	0.181	0.007	40.801442, -73.705029	3658486	02391068		North Hempstead
Plandome Manor	Nassau	872	0.484	0.022	40.813585, -73.697527	3658497	02391069		North Hempstead
Pleasantville	Westchester	7,019	1.824	0.002	41.134211, -73.783867	3658728	02391070		Mount Pleasant
Poland	Herkimer	508	0.543	0.006	43.226084, -75.061432	3658937	02391071		Newport & Russia
Pomona	Rockland	3,103	2.397	0.000	41.189138, -74.054249	3658992	02391072		Haverstraw & Ramapo
Poquott	Suffolk	953	0.439	0.147	40.953044, -73.090877	3659157	02391073		Brookhaven
Port Byron	Cayuga	1,290	0.979	0.029	43.037094, -76.625304	3659212	02391074		Mentz
Port Chester	Westchester	28,967	2.331	0.071	41.004701, -73.667175	3659223	02391075		Rye
Port Dickinson	Broome	1,641	0.637	0.078	42.137022, -75.894016	3659245	02391076		Dickinson
Port Jefferson	Suffolk	7,750	3.057	0.027	40.942177, -73.052799	3659355	02391078		Brookhaven
Port Leyden	Lewis	672	0.615	0.042	43.585400, -75.341412	3659454	02391079		Leyden & Lyonsdale
Port Washington North	Nassau	3,154	0.478	0.018	40.842554, -73.699182	3659531	02391080		North Hempstead
Portville	Cattaraugus	1,014	0.802	0.000	42.036706, -78.337256	3659498	02391081		Portville
Potsdam	St. Lawrence	9,428	4.447	0.495	44.669241, -74.985895	3659564	02391082		Potsdam
Pulaski	Oswego	2,365	3.484	0.106	43.566205, -76.124530	3659960	02391084		Richland
Quogue	Suffolk	967	4.191	0.773	40.821406, -72.598903	3660422	02391085		Southampton
Ravena	Albany	3,268	1.467	0.005	42.475546, -73.811214	3660675	02391087		Coeymans
Red Creek	Wayne	532	0.909	0.027	43.247903, -76.722852	3660829	02391088		Wolcott
Red Hook	Dutchess	1,961	1.102	0.012	41.995939, -73.876929	3660895	02391089		Red Hook
Remsen	Oneida	508	0.372	0.000	43.328217, -75.186993	3661115	02391090		Remsen & Trenton
Rensselaer Falls	St. Lawrence	332	0.291	0.027	44.590770, -75.319795	3661159	02391091		Canton
Rhinebeck	Dutchess	2,657	1.523	0.020	41.928803, -73.910288	3661346	02391092		Rhinebeck
Richburg	Allegany	450	0.900	0.000	42.088765, -78.156512	3661434	02391093		Bolivar & Wirt
Richfield Springs	Otsego	1,264	1.007	0.000	42.853703, -74.986227	3661489	02391094		Richfield
Richmondville	Schoharie	918	1.846	0.000	42.633455, -74.562821	3661588	02391095		Richmondville
Richville	St. Lawrence	323	0.738	0.000	44.415070, -75.392454	3661621	02391096		De Kalb
Riverside	Steuben	497	0.301	0.006	42.155186, -77.079970	3662061	02391097		Corning
Rockville Centre	Nassau	24,023	3.247	0.085	40.664024, -73.638048	3663264	02391098		Hempstead
Roslyn	Nassau	2,770	0.645	0.012	40.798610, -73.649211	3663770	02391100		North Hempstead
Roslyn Estates	Nassau	1,251	0.438	0.000	40.793657, -73.661207	3663792	02391101		North Hempstead
Roslyn Harbor	Nassau	1,051	1.186	0.002	40.811255, -73.640587	3663803	02391102		North Hempstead & Oyster Bay
Round Lake	Saratoga	623	1.123	0.107	42.937669, -73.795669	3663957	02391103		Malta
Rouses Point	Clinton	2,209	1.761	0.726	44.991248, -73.363674	3663979	02391104		Champlain
Rushville	Ontario & Yates	677	0.639	0.000	42.760687, -77.227394	3664199	02391105		Gorham & Potter
Russell Gardens	Nassau	945	0.174	0.000	40.780892, -73.725451	3664232	02391106		North Hempstead
Rye Brook	Westchester	9,347	3.433	0.031	41.030003, -73.686354	3664325	02391107		Rye
Sackets Harbor	Jefferson	1,450	2.205	0.006	43.938254, -76.112907	3664408	02391108		Hounsfield
Saddle Rock	Nassau	830	0.246	0.022	40.794380, -73.749278	3664430	02391110		North Hempstead
Sag Harbor	Suffolk	2,169	1.804	0.522	40.996564, -72.289646	3664485	02391111		East Hampton & Southampton
Sagaponack	Suffolk	313	4.414	0.240	40.930895, -72.268719	3664452	02391112		Southampton
Saltaire	Suffolk	37	0.233	0.051	40.638071, -73.194717	3664881	02391114		Islip
Sands Point	Nassau	2,675	4.230	1.379	40.853379, -73.703542	3665035	02391115		North Hempstead
Sandy Creek	Oswego	771	1.351	0.000	43.643367, -76.086316	3665068	02391116		Sandy Creek
Saranac Lake	Essex & Franklin	5,406	2.779	0.249	44.324583, -74.130354	3665233	02391117		Harrietstown, North Elba & St. Armand
Saugerties	Ulster	3,971	1.784	0.477	42.075248, -73.944930	3665288	02391118		Saugerties
Savona	Steuben	827	1.040	0.000	42.283074, -77.223650	3665354	02391119		Bath
Scarsdale	Westchester	17,166	6.660	0.008	40.992048, -73.780629	3665431	02391120		Scarsdale
Schaghticoke	Rensselaer	592	0.758	0.235	42.901418, -73.589606	3665475	02391121		Schaghticoke
Schoharie	Schoharie	922	1.658	0.001	42.666630, -74.313304	3665585	02391122		Schoharie
Schuylerville	Saratoga	1,386	0.533	0.054	43.100977, -73.581243	3665750	02391123		Saratoga
Scotia	Schenectady	7,729	1.685	0.104	42.832014, -73.960402	3665893	02391124		Glenville
Scottsville	Monroe	2,001	1.082	0.005	43.022276, -77.753379	3665959	02391125		Wheatland
Sea Cliff	Nassau	4,995	1.115	0.847	40.846161, -73.650382	3666047	02391126		Oyster Bay
Sharon Springs	Schoharie	558	1.827	0.000	42.793006, -74.612835	3666663	02391128		Sharon
Sherburne	Chenango	1,367	1.519	0.000	42.680648, -75.496499	3666883	02391129		Sherburne
Sherman	Chautauqua	730	0.854	0.000	42.159062, -79.594432	3666949	02391130		Sherman
Shoreham	Suffolk	531	0.448	0.000	40.957065, -72.907106	3667191	02391131		Brookhaven
Shortsville	Ontario	1,439	0.668	0.000	42.955474, -77.223524	3667257	02391132		Manchester
Sidney	Delaware	3,900	2.374	0.015	42.302948, -75.403310	3667334	02391133		Sidney
Silver Creek	Chautauqua	2,656	1.160	0.000	42.542598, -79.167645	3667411	02391134		Hanover
Silver Springs	Wyoming	782	0.952	0.027	42.660089, -78.084463	3667466	02391135		Gainesville
Sinclairville	Chautauqua	588	1.612	0.000	42.265359, -79.259059	3667488	02391136		Charlotte & Gerry
Skaneateles	Onondaga	2,450	1.414	0.307	42.947282, -76.428488	3667510	02391137		Skaneateles
Sleepy Hollow	Westchester	9,870	2.161	2.919	41.097514, -73.869641	3667638	02391138		Mount Pleasant
Sloan	Erie	3,661	0.786	0.006	42.892231, -78.791537	3667686	02391139		Cheektowaga
Sloatsburg	Rockland	3,039	2.467	0.038	41.162046, -74.190873	3667708	02391140		Ramapo
Smyrna	Chenango	213	0.244	0.000	42.686925, -75.568689	3668099	02391141		Smyrna
Sodus	Wayne	1,819	0.941	0.000	43.237102, -77.062753	3668209	02391142		Sodus
Sodus Point	Wayne	900	1.468	0.006	43.264500, -76.995962	3668242	02391143		Sodus
Solvay	Onondaga	6,584	1.654	0.000	43.057292, -76.212452	3668286	02391144		Geddes
South Blooming Grove	Orange	3,234	4.674	0.033	41.373795, -74.166908	3668610	02391145		Blooming Grove
South Corning	Steuben	1,145	0.617	0.000	42.126182, -77.035560	3668847	02391146		Corning
South Dayton	Cattaraugus	620	1.006	0.000	42.362826, -79.050993	3668891	02391147		Dayton
South Floral Park	Nassau	1,764	0.096	0.000	40.713503, -73.700396	3669023	02391148		Hempstead
South Glens Falls	Saratoga	3,518	1.358	0.132	43.294410, -73.633636	3669078	02391149		Moreau
South Nyack	Rockland	3,510	0.605	1.079	41.077272, -73.916601	3669441	02391150		Orangetown
Southampton	Suffolk	3,109	6.422	0.797	40.876542, -72.399994	3668462	02391151		Southampton
Speculator	Hamilton	324	44.571	2.595	43.587995, -74.358706	3670123	02391152		Lake Pleasant
Spencer	Tioga	759	1.015	0.014	42.214302, -76.498690	3670167	02391153		Spencer
Spencerport	Monroe	3,601	1.337	0.032	43.188380, -77.807434	3670189	02391154		Ogden
Spring Valley	Rockland	31,347	2.016	0.002	41.114567, -74.048712	3670420	02391155		Clarkstown & Ramapo
Springville	Erie	4,296	3.672	0.009	42.508067, -78.669361	3670442	02391156		Concord
St. Johnsville	Montgomery	1,732	0.878	0.001	43.000605, -74.676013	3664639	02391157		St. Johnsville
Stamford	Delaware	1,119	1.333	0.009	42.409103, -74.617032	3670618	02391158		Harpersfield & Stamford
Stewart Manor	Nassau	1,896	0.210	0.000	40.720172, -73.685300	3671267	02391159		Hempstead
Stillwater	Saratoga	1,738	1.258	0.204	42.943930, -73.644207	3671322	02391160		Stillwater
Suffern	Rockland	10,723	2.089	0.028	41.111984, -74.141367	3671894	02391161		Ramapo
Sylvan Beach	Oneida	897	0.687	0.021	43.206652, -75.721431	3672521	02391162		Vienna
Tannersville	Greene	539	1.164	0.033	42.194846, -74.135605	3673143	02391163		Hunter
Tarrytown	Westchester	11,277	2.926	2.753	41.065178, -73.866106	3673176	02391164		Greenburgh
Theresa	Jefferson	863	1.252	0.061	44.215541, -75.795940	3673517	02391165		Theresa
Thomaston	Nassau	2,617	0.408	0.000	40.787532, -73.715105	3673605	02391166		North Hempstead
Tivoli	Dutchess	1,118	1.610	0.028	42.054291, -73.917325	3674023	02391167		Red Hook
Trumansburg	Tompkins	1,797	1.387	0.004	42.540306, -76.663584	3675506	02391168		Ulysses
Tuckahoe	Westchester	6,486	0.598	0.000	40.953102, -73.823011	3675583	02391169		Eastchester
Tully	Onondaga	873	0.717	0.000	42.797952, -76.110106	3675627	02391170		Tully
Tupper Lake	Franklin	3,667	2.090	0.044	44.229826, -74.461849	3675671	02391171		Tupper Lake
Turin	Lewis	232	1.026	0.000	43.629179, -75.410672	3675682	02391172		Turin
Tuxedo Park	Orange	623	2.655	0.566	41.197024, -74.210391	3675803	02391173		Tuxedo
Unadilla	Otsego	1,128	1.037	0.049	42.327416, -75.314889	3676001	02391174		Unadilla
Union Springs	Cayuga	1,197	1.737	0.015	42.846598, -76.688246	3676155	02391175		Springport
Unionville	Orange	612	0.310	0.000	41.301474, -74.562227	3676210	02391176		Minisink
Upper Brookville	Nassau	1,698	4.319	0.000	40.847602, -73.562658	3676331	02391177		Oyster Bay
Upper Nyack	Rockland	2,063	1.222	3.143	41.120881, -73.910830	3676386	02391178		Clarkstown
Valatie	Columbia	1,819	1.254	0.012	42.413073, -73.678819	3676617	02391179		Kinderhook
Valley Falls	Rensselaer	466	0.463	0.025	42.900629, -73.562515	3676672	02391180		Pittstown & Schaghticoke
Valley Stream	Nassau	37,511	3.482	0.017	40.664747, -73.704902	3676705	02391182		Hempstead
Vernon	Oneida	1,172	0.946	0.003	43.079195, -75.538561	3677112	02391184		Vernon
Victor	Ontario	2,696	1.373	0.000	42.982019, -77.409821	3677376	02391185		Victor
Victory	Saratoga	605	0.525	0.000	43.091857, -73.591758	3677431	02391186		Saratoga
Village of the Branch	Suffolk	1,807	0.948	0.030	40.853368, -73.182230	3677519	02391187		Smithtown
Voorheesville	Albany	2,789	2.139	0.005	42.653662, -73.934268	3677684	02391188		New Scotland
Waddington	St. Lawrence	972	2.180	0.187	44.861669, -75.198725	3677728	02391189		Waddington
Walden	Orange	6,978	1.968	0.082	41.559952, -74.188242	3677849	02391190		Montgomery
Walton	Delaware	3,088	1.541	0.060	42.169811, -75.130478	3678036	02391191		Walton
Wampsville	Madison	543	1.009	0.007	43.077794, -75.710009	3678113	02391192		Lenox
Wappingers Falls	Dutchess	5,522	1.108	0.076	41.598157, -73.916967	3678168	02391193		Poughkeepsie & Wappinger
Warsaw	Wyoming	3,473	4.106	0.000	42.742911, -78.141293	3678333	02391194		Warsaw
Warwick	Orange	6,731	2.417	0.004	41.255244, -74.354722	3678355	02391195		Warwick
Washingtonville	Orange	5,899	2.538	0.014	41.428263, -74.158383	3678465	02391196		Blooming Grove
Waterford	Saratoga	1,990	0.283	0.075	42.792068, -73.678827	3678520	02391197		Waterford
Waterloo	Seneca	5,171	2.157	0.047	42.904586, -76.859023	3678553	02391198		Fayette, Seneca Falls & Waterloo
Waterville	Oneida	1,583	1.416	0.000	42.930589, -75.380202	3678663	02391199		Marshall & Sangerfield
Watkins Glen	Schuyler	1,859	1.559	0.383	42.380549, -76.866987	3678696	02391200		Dix & Reading
Waverly	Tioga	4,444	2.293	0.027	42.012724, -76.540007	3678806	02391201		Barton
Wayland	Steuben	1,865	1.130	0.058	42.562837, -77.595863	3678850	02391202		Wayland
Webster	Monroe	5,399	2.202	0.000	43.216387, -77.421944	3678960	02391203		Webster
Weedsport	Cayuga	1,815	0.976	0.000	43.048124, -76.563607	3679015	02391204		Brutus
Wellsburg	Chemung	580	0.568	0.009	42.013317, -76.730356	3679081	02391205		Ashland
Wellsville	Allegany	4,679	2.424	0.000	42.120705, -77.945730	3679092	02391206		Wellsville
Wesley Hills	Rockland	5,628	3.353	0.023	41.157577, -74.079012	3679174	02391207		Ramapo
West Carthage	Jefferson	2,012	1.297	0.097	43.973623, -75.621561	3679499	02391208		Champion
West Hampton Dunes	Suffolk	55	0.329	0.085	40.778868, -72.706381	3680186	02391209		Southampton
West Haverstraw	Rockland	10,165	1.519	0.024	41.207053, -73.988335	3680203	02391210		Haverstraw
West Winfield	Herkimer	826	0.911	0.000	42.883783, -75.191375	3681292	02391211		Winfield
Westbury	Nassau	15,146	2.374	0.000	40.760033, -73.589058	3679444	02391212		North Hempstead
Westfield	Chautauqua	3,224	3.822	0.000	42.321871, -79.574754	3679939	02391213		Westfield
Westhampton Beach	Suffolk	1,721	2.931	0.072	40.806972, -72.645072	3680181	02391214		Southampton
Whitehall	Washington	2,614	4.703	0.212	43.560158, -73.416594	3681622	02391215		Whitehall
Whitesboro	Oneida	3,772	1.050	0.000	43.123985, -75.296688	3681710	02391216		Whitestown
Whitney Point	Broome	964	1.043	0.070	42.330600, -75.971750	3681831	02391217		Lisle & Triangle
Williamsville	Erie	5,300	1.260	0.010	42.961964, -78.742368	3682084	02391218		Amherst & Cheektowaga
Williston Park	Nassau	7,287	0.626	0.000	40.758751, -73.646584	3682117	02391219		North Hempstead
Wilson	Niagara	1,264	0.813	0.190	43.314898, -78.828381	3682359	02391220		Wilson
Windsor	Broome	916	1.095	0.072	42.077246, -75.640515	3682524	02391221		Windsor
Wolcott	Wayne	1,701	1.948	0.019	43.222785, -76.812133	3682678	02391223		Butler & Wolcott
Woodbury	Orange	10,686	35.602	1.061	41.327783, -74.101891	3682750	02391224		Woodbury
Woodridge	Sullivan	847	1.603	0.105	41.722699, -74.584519	3682953	02391225		Fallsburg
Woodsburgh	Nassau	778	0.340	0.044	40.621197, -73.706215	3682986	02391226		Hempstead
Wurtsboro	Sullivan	1,246	1.266	0.000	41.576326, -74.485846	3683272	02391227		Mamakating
Wyoming	Wyoming	434	0.669	0.000	42.824064, -78.084128	3683371	02391228		Middlebury
Yorkville	Oneida	2,689	0.671	0.000	43.112448, -75.273964	3684099	02391229		Whitestown
Youngstown	Niagara	1,935	1.097	0.266	43.249552, -79.042228	3684143	02391230		Porter
